originalCurrency,originalAmount,USDAmount,date,mcc,accountAmount,accountCurrency,merchantName,merchantCountry,status,declineReason,authCode,type,externalTxId,externalRootTxId,apiTransaction,last4
IDR,177000.0000,10.8000,2025-12-13T15:29:06.619Z,5499,-10.8000,USD,CK TUNJUNG MASUKA UNGA,ID,DECLINED,Insufficient funds,G0M2R4,POS_TX,313b07bf-3739-483d-9268-da3117ec342e,313b07bf-3739-483d-9268-da3117ec342e,"{""id"":""f936e3b5-ad68-3fef-a03e-9db682d10a04"",""data"":{""status"":""FAILED"",""card_id"":""06d1cfb4-a3b7-413a-99b8-8f4d774525ef"",""merchant"":{""city"":""BADUNG"",""name"":""CK TUNJUNG MASUKA UNGA"",""state"":null,""country"":""IDN"",""postcode"":null,""identifier"":""005004194354   "",""category_code"":""5499""},""auth_code"":""G0M2R4"",""client_data"":null,""posted_date"":""2025-12-13T15:29:06.619Z"",""lifecycle_id"":""03e0199b-87da-462d-9294-efe0f8ed01cb"",""risk_details"":{""risk_factors"":[],""risk_actions_performed"":[],""three_d_secure_outcome"":""NOT_APPLICABLE""},""card_nickname"":"""",""retrieval_ref"":""534715839366"",""billing_amount"":-10.8,""failure_reason"":""INSUFFICIENT_FUNDS"",""transaction_id"":""313b07bf-3739-483d-9268-da3117ec342e"",""billing_currency"":""USD"",""transaction_date"":""2025-12-13T15:29:06.619Z"",""transaction_type"":""AUTHORIZATION"",""masked_card_number"":""************4553"",""transaction_amount"":-177000,""transaction_currency"":""IDR"",""network_transaction_id"":""585347557460902"",""digital_wallet_token_id"":""e6793038-503a-4839-b1a8-718cf2310efd"",""acquiring_institution_identifier"":""455632""},""name"":""issuing.transaction.failed"",""version"":""2022-11-11"",""source_id"":""313b07bf-3739-483d-9268-da3117ec342e"",""account_id"":""acct_842SAxN3PSC_XLMs3G9fmA"",""created_at"":""2025-12-13T15:29:06+0000""}",4553
IDR,116000.0000,7.0700,2025-12-12T07:46:02.974Z,5812,-7.0700,USD,NECTAR BALI HO,ID,APPROVED,,HFDHZM,POS_TX,2ce62607-ad54-466d-a054-6122a4552143,2ce62607-ad54-466d-a054-6122a4552143,"{""id"":""0c6d7d2e-c991-3347-bd54-380e9482983c"",""data"":{""status"":""APPROVED"",""card_id"":""06d1cfb4-a3b7-413a-99b8-8f4d774525ef"",""merchant"":{""city"":""BADUNG"",""name"":""NECTAR BALI HO"",""state"":null,""country"":""IDN"",""postcode"":null,""identifier"":""005001606125   "",""category_code"":""5812""},""auth_code"":""HFDHZM"",""client_data"":null,""posted_date"":""2025-12-12T22:34:54.153Z"",""lifecycle_id"":""1d361930-6fd2-49cd-90ef-d84617d21a49"",""risk_details"":{""risk_factors"":[],""risk_actions_performed"":[],""three_d_secure_outcome"":""NOT_APPLICABLE""},""card_nickname"":"""",""retrieval_ref"":""534675005899"",""billing_amount"":-7.07,""failure_reason"":null,""transaction_id"":""2ce62607-ad54-466d-a054-6122a4552143"",""billing_currency"":""USD"",""transaction_date"":""2025-12-12T07:46:02.974Z"",""transaction_type"":""CLEARING"",""masked_card_number"":""************4553"",""transaction_amount"":-116000,""transaction_currency"":""IDR"",""matched_authorizations"":[""dbdf376d-0d80-408f-a67f-69cb13dc4c19""],""network_transaction_id"":""345346279625341"",""digital_wallet_token_id"":""e6793038-503a-4839-b1a8-718cf2310efd"",""acquiring_institution_identifier"":""455632""},""name"":""issuing.transaction.succeeded"",""version"":""2022-11-11"",""source_id"":""2ce62607-ad54-466d-a054-6122a4552143"",""account_id"":""acct_842SAxN3PSC_XLMs3G9fmA"",""created_at"":""2025-12-12T22:34:54+0000""}",4553
IDR,196650.0000,11.9700,2025-12-11T07:09:28.982Z,5812,-11.9700,USD,WINTER CAFE HO,ID,APPROVED,,RVZUCR,POS_TX,9db43be7-3557-4e5a-9032-2dc8da5559d8,9db43be7-3557-4e5a-9032-2dc8da5559d8,"{""id"":""d85d56ec-8857-3244-b58b-960bd731c8af"",""data"":{""status"":""APPROVED"",""card_id"":""06d1cfb4-a3b7-413a-99b8-8f4d774525ef"",""merchant"":{""city"":""BADUNG"",""name"":""WINTER CAFE HO"",""state"":null,""country"":""IDN"",""postcode"":null,""identifier"":""005002230061   "",""category_code"":""5812""},""auth_code"":""RVZUCR"",""client_data"":null,""posted_date"":""2025-12-11T22:38:54.350Z"",""lifecycle_id"":""257f2cdd-154d-4e04-96bb-42180a061f47"",""risk_details"":{""risk_factors"":[],""risk_actions_performed"":[],""three_d_secure_outcome"":""NOT_APPLICABLE""},""card_nickname"":"""",""retrieval_ref"":""534572005672"",""billing_amount"":-11.97,""failure_reason"":null,""transaction_id"":""9db43be7-3557-4e5a-9032-2dc8da5559d8"",""billing_currency"":""USD"",""transaction_date"":""2025-12-11T07:09:28.982Z"",""transaction_type"":""CLEARING"",""masked_card_number"":""************4553"",""transaction_amount"":-196650,""transaction_currency"":""IDR"",""matched_authorizations"":[""04ce8773-2f06-4229-a382-1f83977603df""],""network_transaction_id"":""305345257687700"",""digital_wallet_token_id"":""e6793038-503a-4839-b1a8-718cf2310efd"",""acquiring_institution_identifier"":""455632""},""name"":""issuing.transaction.succeeded"",""version"":""2022-11-11"",""source_id"":""9db43be7-3557-4e5a-9032-2dc8da5559d8"",""account_id"":""acct_842SAxN3PSC_XLMs3G9fmA"",""created_at"":""2025-12-11T22:38:54+0000""}",4553
IDR,230000.0000,14.0200,2025-12-09T04:21:11.866Z,7298,-14.0200,USD,U. ULUWATU,ID,APPROVED,,75HUWE,POS_TX,9871e35f-9b4e-4995-b451-d39e186886ed,9871e35f-9b4e-4995-b451-d39e186886ed,"{""id"":""0bb9aa11-0f5f-30ab-80e9-9e3da62d8334"",""data"":{""status"":""APPROVED"",""card_id"":""06d1cfb4-a3b7-413a-99b8-8f4d774525ef"",""merchant"":{""city"":""Badung (Kab)"",""name"":""U. ULUWATU"",""state"":null,""country"":""IDN"",""postcode"":null,""identifier"":""71143663982    "",""category_code"":""7298""},""auth_code"":""75HUWE"",""client_data"":null,""posted_date"":""2025-12-10T01:02:54.345Z"",""lifecycle_id"":""926188fd-bad4-4b41-9455-e4a701e9057e"",""risk_details"":{""risk_factors"":[],""risk_actions_performed"":[],""three_d_secure_outcome"":""NOT_APPLICABLE""},""card_nickname"":"""",""retrieval_ref"":""534373008950"",""billing_amount"":-14.02,""failure_reason"":null,""transaction_id"":""9871e35f-9b4e-4995-b451-d39e186886ed"",""billing_currency"":""USD"",""transaction_date"":""2025-12-09T04:21:11.866Z"",""transaction_type"":""CLEARING"",""masked_card_number"":""************4553"",""transaction_amount"":-230000,""transaction_currency"":""IDR"",""matched_authorizations"":[""9a0d47a1-560f-4bdf-8871-d0e75bf67bfe""],""network_transaction_id"":""355343156719841"",""digital_wallet_token_id"":""e6793038-503a-4839-b1a8-718cf2310efd"",""acquiring_institution_identifier"":""423978""},""name"":""issuing.transaction.succeeded"",""version"":""2022-11-11"",""source_id"":""9871e35f-9b4e-4995-b451-d39e186886ed"",""account_id"":""acct_842SAxN3PSC_XLMs3G9fmA"",""created_at"":""2025-12-10T01:02:54+0000""}",4553
IDR,374400.0000,22.8100,2025-12-09T03:07:14.849Z,5814,-22.8100,USD,ANALOG ULUWATU MBL,ID,APPROVED,,OM8XVF,POS_TX,051d5a68-d83b-4f30-8c5f-72359036af2e,051d5a68-d83b-4f30-8c5f-72359036af2e,"{""id"":""d4cf95ca-6d1b-3972-9326-4ba1845fcaff"",""data"":{""status"":""APPROVED"",""card_id"":""06d1cfb4-a3b7-413a-99b8-8f4d774525ef"",""merchant"":{""city"":""BADUNG - BALI"",""name"":""ANALOG ULUWATU MBL"",""state"":null,""country"":""IDN"",""postcode"":null,""identifier"":""100208011818   "",""category_code"":""5814""},""auth_code"":""OM8XVF"",""client_data"":null,""posted_date"":""2025-12-09T17:22:54.358Z"",""lifecycle_id"":""602eb609-4eb1-4c70-a9d1-695862d514c6"",""risk_details"":{""risk_factors"":[],""risk_actions_performed"":[],""three_d_secure_outcome"":""NOT_APPLICABLE""},""card_nickname"":"""",""retrieval_ref"":""534374208563"",""billing_amount"":-22.81,""failure_reason"":null,""transaction_id"":""051d5a68-d83b-4f30-8c5f-72359036af2e"",""billing_currency"":""USD"",""transaction_date"":""2025-12-09T03:07:14.849Z"",""transaction_type"":""CLEARING"",""masked_card_number"":""************4553"",""transaction_amount"":-374400,""transaction_currency"":""IDR"",""matched_authorizations"":[""e83d5972-c61e-4105-98ee-2ec7c3aec91f""],""network_transaction_id"":""345343112341745"",""digital_wallet_token_id"":""e6793038-503a-4839-b1a8-718cf2310efd"",""acquiring_institution_identifier"":""410504""},""name"":""issuing.transaction.succeeded"",""version"":""2022-11-11"",""source_id"":""051d5a68-d83b-4f30-8c5f-72359036af2e"",""account_id"":""acct_842SAxN3PSC_XLMs3G9fmA"",""created_at"":""2025-12-09T17:22:54+0000""}",4553
IDR,259000.0000,15.7800,2025-12-09T01:31:54.676Z,5812,-15.7800,USD,THE CHAI ULUWATU,ID,APPROVED,,L8PDTG,POS_TX,daca1473-4941-45d3-8cc7-8cc89bd212f0,daca1473-4941-45d3-8cc7-8cc89bd212f0,"{""id"":""5d45d25b-3568-31c3-9c46-7032edaa9617"",""data"":{""status"":""APPROVED"",""card_id"":""06d1cfb4-a3b7-413a-99b8-8f4d774525ef"",""merchant"":{""city"":""Badung (Kab)"",""name"":""THE CHAI ULUWATU"",""state"":null,""country"":""IDN"",""postcode"":null,""identifier"":""71596350240    "",""category_code"":""5812""},""auth_code"":""L8PDTG"",""client_data"":null,""posted_date"":""2025-12-10T01:02:54.345Z"",""lifecycle_id"":""59ab4141-2359-4b70-9699-6e4c4ebc01bc"",""risk_details"":{""risk_factors"":[],""risk_actions_performed"":[],""three_d_secure_outcome"":""NOT_APPLICABLE""},""card_nickname"":"""",""retrieval_ref"":""534373008951"",""billing_amount"":-15.78,""failure_reason"":null,""transaction_id"":""daca1473-4941-45d3-8cc7-8cc89bd212f0"",""billing_currency"":""USD"",""transaction_date"":""2025-12-09T01:31:54.676Z"",""transaction_type"":""CLEARING"",""masked_card_number"":""************4553"",""transaction_amount"":-259000,""transaction_currency"":""IDR"",""matched_authorizations"":[""5ecfed0d-44af-4b26-84f8-124e6012fadd""],""network_transaction_id"":""465343055144151"",""digital_wallet_token_id"":""e6793038-503a-4839-b1a8-718cf2310efd"",""acquiring_institution_identifier"":""423978""},""name"":""issuing.transaction.succeeded"",""version"":""2022-11-11"",""source_id"":""daca1473-4941-45d3-8cc7-8cc89bd212f0"",""account_id"":""acct_842SAxN3PSC_XLMs3G9fmA"",""created_at"":""2025-12-10T01:02:54+0000""}",4553
IDR,121500.0000,7.4200,2025-12-05T11:37:51.877Z,5814,-7.4200,USD,MADE'S BAKERY UNGASAN M,ID,APPROVED,,S6172Z,POS_TX,330ba284-8532-4069-a51a-bd8d77293dcb,330ba284-8532-4069-a51a-bd8d77293dcb,"{""id"":""40a838d2-7ce2-3903-b16c-c5d407f7a8fb"",""data"":{""status"":""APPROVED"",""card_id"":""06d1cfb4-a3b7-413a-99b8-8f4d774525ef"",""merchant"":{""city"":""BADUNG - BALI"",""name"":""MADE'S BAKERY UNGASAN M"",""state"":null,""country"":""IDN"",""postcode"":null,""identifier"":""100208013459   "",""category_code"":""5814""},""auth_code"":""S6172Z"",""client_data"":null,""posted_date"":""2025-12-05T17:22:23.136Z"",""lifecycle_id"":""d3a399fc-4210-4d47-b9eb-8712e902bfca"",""risk_details"":{""risk_factors"":[],""risk_actions_performed"":[],""three_d_secure_outcome"":""NOT_APPLICABLE""},""card_nickname"":"""",""retrieval_ref"":""533976208578"",""billing_amount"":-7.42,""failure_reason"":null,""transaction_id"":""330ba284-8532-4069-a51a-bd8d77293dcb"",""billing_currency"":""USD"",""transaction_date"":""2025-12-05T11:37:51.877Z"",""transaction_type"":""CLEARING"",""masked_card_number"":""************4553"",""transaction_amount"":-121500,""transaction_currency"":""IDR"",""matched_authorizations"":[""79907863-1f9d-4f89-8ce9-0a907c1bee75""],""network_transaction_id"":""355339418713899"",""digital_wallet_token_id"":""e6793038-503a-4839-b1a8-718cf2310efd"",""acquiring_institution_identifier"":""410504""},""name"":""issuing.transaction.succeeded"",""version"":""2022-11-11"",""source_id"":""330ba284-8532-4069-a51a-bd8d77293dcb"",""account_id"":""acct_842SAxN3PSC_XLMs3G9fmA"",""created_at"":""2025-12-05T17:22:23+0000""}",4553
IDR,97750.0000,5.9700,2025-12-05T05:18:06.122Z,5812,-5.9700,USD,WINTER CAFE HO,ID,APPROVED,,B2HLYJ,POS_TX,c26261f4-cfb6-4948-81ab-8350f1fa0ee4,c26261f4-cfb6-4948-81ab-8350f1fa0ee4,"{""id"":""c171fd14-1de0-3f1a-8336-5e3e7799def7"",""data"":{""status"":""APPROVED"",""card_id"":""06d1cfb4-a3b7-413a-99b8-8f4d774525ef"",""merchant"":{""city"":""BADUNG"",""name"":""WINTER CAFE HO"",""state"":null,""country"":""IDN"",""postcode"":null,""identifier"":""005002230061   "",""category_code"":""5812""},""auth_code"":""B2HLYJ"",""client_data"":null,""posted_date"":""2025-12-05T22:14:23.342Z"",""lifecycle_id"":""d165d288-87f2-4292-b8f6-6314070be6c3"",""risk_details"":{""risk_factors"":[],""risk_actions_performed"":[],""three_d_secure_outcome"":""NOT_APPLICABLE""},""card_nickname"":"""",""retrieval_ref"":""533975005692"",""billing_amount"":-5.97,""failure_reason"":null,""transaction_id"":""c26261f4-cfb6-4948-81ab-8350f1fa0ee4"",""billing_currency"":""USD"",""transaction_date"":""2025-12-05T05:18:06.122Z"",""transaction_type"":""CLEARING"",""masked_card_number"":""************4553"",""transaction_amount"":-97750,""transaction_currency"":""IDR"",""matched_authorizations"":[""98ff4f9a-8518-45ed-9574-5097f98d0097""],""network_transaction_id"":""345339190859531"",""digital_wallet_token_id"":""e6793038-503a-4839-b1a8-718cf2310efd"",""acquiring_institution_identifier"":""455632""},""name"":""issuing.transaction.succeeded"",""version"":""2022-11-11"",""source_id"":""c26261f4-cfb6-4948-81ab-8350f1fa0ee4"",""account_id"":""acct_842SAxN3PSC_XLMs3G9fmA"",""created_at"":""2025-12-05T22:14:23+0000""}",4553
IDR,415996.0000,25.4100,2025-12-04T05:46:17.673Z,5499,-25.4100,USD,PEPITO MARKET UNGASAN,ID,APPROVED,,4QAM2R,POS_TX,f7156ac8-02be-44e4-8b04-0262943c8a6f,f7156ac8-02be-44e4-8b04-0262943c8a6f,"{""id"":""1d4b4a38-7530-3a76-a0b1-ae561fb9845b"",""data"":{""status"":""APPROVED"",""card_id"":""06d1cfb4-a3b7-413a-99b8-8f4d774525ef"",""merchant"":{""city"":""BADUNG"",""name"":""PEPITO MARKET UNGASAN"",""state"":null,""country"":""IDN"",""postcode"":null,""identifier"":""005002936236   "",""category_code"":""5499""},""auth_code"":""4QAM2R"",""client_data"":null,""posted_date"":""2025-12-04T22:14:23.197Z"",""lifecycle_id"":""5ffa0b54-a557-47d0-9851-2b1f04b68345"",""risk_details"":{""risk_factors"":[],""risk_actions_performed"":[],""three_d_secure_outcome"":""NOT_APPLICABLE""},""card_nickname"":"""",""retrieval_ref"":""533874005922"",""billing_amount"":-25.41,""failure_reason"":null,""transaction_id"":""f7156ac8-02be-44e4-8b04-0262943c8a6f"",""billing_currency"":""USD"",""transaction_date"":""2025-12-04T05:46:17.673Z"",""transaction_type"":""CLEARING"",""masked_card_number"":""************4553"",""transaction_amount"":-415996,""transaction_currency"":""IDR"",""matched_authorizations"":[""3fa88cc8-382a-4c0b-a54e-44b35fe2c25b""],""network_transaction_id"":""385338207775195"",""digital_wallet_token_id"":""e6793038-503a-4839-b1a8-718cf2310efd"",""acquiring_institution_identifier"":""455632""},""name"":""issuing.transaction.succeeded"",""version"":""2022-11-11"",""source_id"":""f7156ac8-02be-44e4-8b04-0262943c8a6f"",""account_id"":""acct_842SAxN3PSC_XLMs3G9fmA"",""created_at"":""2025-12-04T22:14:23+0000""}",4553
IDR,161275.0000,9.8500,2025-12-04T04:56:17.691Z,5812,-9.8500,USD,ARTISAN BINGIN,ID,APPROVED,,Y9S04Z,POS_TX,8dad4a40-d1cc-4e47-aedc-bc5941b91338,8dad4a40-d1cc-4e47-aedc-bc5941b91338,"{""id"":""5d7df4c7-cc97-369a-9844-42a1ba7a83b4"",""data"":{""status"":""APPROVED"",""card_id"":""06d1cfb4-a3b7-413a-99b8-8f4d774525ef"",""merchant"":{""city"":""Badung"",""name"":""ARTISAN BINGIN"",""state"":null,""country"":""IDN"",""postcode"":null,""identifier"":""000800510016082"",""category_code"":""5812""},""auth_code"":""Y9S04Z"",""client_data"":null,""posted_date"":""2025-12-05T02:34:23.349Z"",""lifecycle_id"":""530b1f21-29b9-48b8-875b-501259535670"",""risk_details"":{""risk_factors"":[],""risk_actions_performed"":[],""three_d_secure_outcome"":""NOT_APPLICABLE""},""card_nickname"":"""",""retrieval_ref"":""533870008020"",""billing_amount"":-9.85,""failure_reason"":null,""transaction_id"":""8dad4a40-d1cc-4e47-aedc-bc5941b91338"",""billing_currency"":""USD"",""transaction_date"":""2025-12-04T04:56:17.691Z"",""transaction_type"":""CLEARING"",""masked_card_number"":""************4553"",""transaction_amount"":-161275,""transaction_currency"":""IDR"",""matched_authorizations"":[""2b8de831-b0f7-47b4-8fb0-5e5cae43a9e0""],""network_transaction_id"":""345338177770600"",""digital_wallet_token_id"":""e6793038-503a-4839-b1a8-718cf2310efd"",""acquiring_institution_identifier"":""470596""},""name"":""issuing.transaction.succeeded"",""version"":""2022-11-11"",""source_id"":""8dad4a40-d1cc-4e47-aedc-bc5941b91338"",""account_id"":""acct_842SAxN3PSC_XLMs3G9fmA"",""created_at"":""2025-12-05T02:34:23+0000""}",4553
IDR,64000.0000,3.9100,2025-12-03T05:00:49.371Z,5812,-3.9100,USD,% ARABICA ULUWATU BALI,ID,APPROVED,,1YWJ8W,POS_TX,eb55695d-581b-4876-a367-def8f92f75e4,eb55695d-581b-4876-a367-def8f92f75e4,"{""id"":""72b95352-0fb2-3af8-a2c8-45341ee284e4"",""data"":{""status"":""APPROVED"",""card_id"":""06d1cfb4-a3b7-413a-99b8-8f4d774525ef"",""merchant"":{""city"":""BADUNG"",""name"":""% ARABICA ULUWATU BALI"",""state"":null,""country"":""IDN"",""postcode"":null,""identifier"":""005001996146   "",""category_code"":""5812""},""auth_code"":""1YWJ8W"",""client_data"":null,""posted_date"":""2025-12-03T22:14:23.158Z"",""lifecycle_id"":""837730dd-5650-42cd-993d-2d9bd04c8215"",""risk_details"":{""risk_factors"":[],""risk_actions_performed"":[],""three_d_secure_outcome"":""NOT_APPLICABLE""},""card_nickname"":"""",""retrieval_ref"":""533776005710"",""billing_amount"":-3.91,""failure_reason"":null,""transaction_id"":""eb55695d-581b-4876-a367-def8f92f75e4"",""billing_currency"":""USD"",""transaction_date"":""2025-12-03T05:00:49.371Z"",""transaction_type"":""CLEARING"",""masked_card_number"":""************4553"",""transaction_amount"":-64000,""transaction_currency"":""IDR"",""matched_authorizations"":[""fdadb51b-0acd-43cb-b6c3-8281bfc76bfe""],""network_transaction_id"":""355337180499380"",""digital_wallet_token_id"":""e6793038-503a-4839-b1a8-718cf2310efd"",""acquiring_institution_identifier"":""455632""},""name"":""issuing.transaction.succeeded"",""version"":""2022-11-11"",""source_id"":""eb55695d-581b-4876-a367-def8f92f75e4"",""account_id"":""acct_842SAxN3PSC_XLMs3G9fmA"",""created_at"":""2025-12-03T22:14:23+0000""}",4553
IDR,373200.0000,22.7900,2025-12-03T04:37:19.889Z,5812,-22.7900,USD,BAMBU FITNESS CAFE,ID,APPROVED,,7LK4W8,POS_TX,2641c502-1caa-4ab1-854e-a29bcd67a04e,2641c502-1caa-4ab1-854e-a29bcd67a04e,"{""id"":""09d4d273-786d-30de-8166-b5610dd8c691"",""data"":{""status"":""APPROVED"",""card_id"":""06d1cfb4-a3b7-413a-99b8-8f4d774525ef"",""merchant"":{""city"":""BADUNG"",""name"":""BAMBU FITNESS CAFE"",""state"":null,""country"":""IDN"",""postcode"":null,""identifier"":""000800510008949"",""category_code"":""5812""},""auth_code"":""7LK4W8"",""client_data"":null,""posted_date"":""2025-12-04T02:34:24.439Z"",""lifecycle_id"":""f078065c-b575-47b0-addb-2e7a30a24ad9"",""risk_details"":{""risk_factors"":[],""risk_actions_performed"":[],""three_d_secure_outcome"":""NOT_APPLICABLE""},""card_nickname"":"""",""retrieval_ref"":""533772008020"",""billing_amount"":-22.79,""failure_reason"":null,""transaction_id"":""2641c502-1caa-4ab1-854e-a29bcd67a04e"",""billing_currency"":""USD"",""transaction_date"":""2025-12-03T04:37:19.889Z"",""transaction_type"":""CLEARING"",""masked_card_number"":""************4553"",""transaction_amount"":-373200,""transaction_currency"":""IDR"",""matched_authorizations"":[""6cc4c294-5a16-479f-bd33-a5693a6ebed0""],""network_transaction_id"":""585337166391491"",""digital_wallet_token_id"":""e6793038-503a-4839-b1a8-718cf2310efd"",""acquiring_institution_identifier"":""470596""},""name"":""issuing.transaction.succeeded"",""version"":""2022-11-11"",""source_id"":""2641c502-1caa-4ab1-854e-a29bcd67a04e"",""account_id"":""acct_842SAxN3PSC_XLMs3G9fmA"",""created_at"":""2025-12-04T02:34:24+0000""}",4553
IDR,416000.0000,25.3600,2025-12-02T04:46:09.452Z,5499,-25.3600,USD,ITHON MART,ID,APPROVED,,B05BON,POS_TX,81608ea5-4e75-49da-bd1d-a08e1f137d69,81608ea5-4e75-49da-bd1d-a08e1f137d69,"{""id"":""c175f0d4-c052-3bf0-81a5-8c02d25f5a8f"",""data"":{""status"":""APPROVED"",""card_id"":""06d1cfb4-a3b7-413a-99b8-8f4d774525ef"",""merchant"":{""city"":""BADUNG"",""name"":""ITHON MART"",""state"":null,""country"":""IDN"",""postcode"":null,""identifier"":""005002255471   "",""category_code"":""5499""},""auth_code"":""B05BON"",""client_data"":null,""posted_date"":""2025-12-02T22:42:23.156Z"",""lifecycle_id"":""c08a90b9-d19c-49b6-a01b-8b4a736bb8e1"",""risk_details"":{""risk_factors"":[],""risk_actions_performed"":[],""three_d_secure_outcome"":""NOT_APPLICABLE""},""card_nickname"":"""",""retrieval_ref"":""533677005678"",""billing_amount"":-25.36,""failure_reason"":null,""transaction_id"":""81608ea5-4e75-49da-bd1d-a08e1f137d69"",""billing_currency"":""USD"",""transaction_date"":""2025-12-02T04:46:09.452Z"",""transaction_type"":""CLEARING"",""masked_card_number"":""************4553"",""transaction_amount"":-416000,""transaction_currency"":""IDR"",""matched_authorizations"":[""67db3f63-535b-4fc9-9399-bc5c2c580aa8""],""network_transaction_id"":""585336171695349"",""digital_wallet_token_id"":""e6793038-503a-4839-b1a8-718cf2310efd"",""acquiring_institution_identifier"":""455632""},""name"":""issuing.transaction.succeeded"",""version"":""2022-11-11"",""source_id"":""81608ea5-4e75-49da-bd1d-a08e1f137d69"",""account_id"":""acct_842SAxN3PSC_XLMs3G9fmA"",""created_at"":""2025-12-02T22:42:23+0000""}",4553
IDR,144200.0000,8.7900,2025-12-02T04:23:11.694Z,5812,-8.7900,USD,MY BERRY CAFE UNGASAN HO,ID,APPROVED,,XWN0SK,POS_TX,690f3855-2564-4a3e-9e15-19d0b324a74e,690f3855-2564-4a3e-9e15-19d0b324a74e,"{""id"":""ddbf6e02-782c-3928-8069-442df8611cab"",""data"":{""status"":""APPROVED"",""card_id"":""06d1cfb4-a3b7-413a-99b8-8f4d774525ef"",""merchant"":{""city"":""BADUNG"",""name"":""MY BERRY CAFE UNGASAN HO"",""state"":null,""country"":""IDN"",""postcode"":null,""identifier"":""005003124420   "",""category_code"":""5812""},""auth_code"":""XWN0SK"",""client_data"":null,""posted_date"":""2025-12-02T22:42:23.163Z"",""lifecycle_id"":""515ff617-2471-4ba5-8693-24e241986c42"",""risk_details"":{""risk_factors"":[],""risk_actions_performed"":[],""three_d_secure_outcome"":""NOT_APPLICABLE""},""card_nickname"":"""",""retrieval_ref"":""533674005968"",""billing_amount"":-8.79,""failure_reason"":null,""transaction_id"":""690f3855-2564-4a3e-9e15-19d0b324a74e"",""billing_currency"":""USD"",""transaction_date"":""2025-12-02T04:23:11.694Z"",""transaction_type"":""CLEARING"",""masked_card_number"":""************4553"",""transaction_amount"":-144200,""transaction_currency"":""IDR"",""matched_authorizations"":[""b7cdbded-1ce8-40b7-8052-ceef492df9ef""],""network_transaction_id"":""355336157912110"",""digital_wallet_token_id"":""e6793038-503a-4839-b1a8-718cf2310efd"",""acquiring_institution_identifier"":""455632""},""name"":""issuing.transaction.succeeded"",""version"":""2022-11-11"",""source_id"":""690f3855-2564-4a3e-9e15-19d0b324a74e"",""account_id"":""acct_842SAxN3PSC_XLMs3G9fmA"",""created_at"":""2025-12-02T22:42:23+0000""}",4553
IDR,150000.0000,9.1500,2025-12-02T03:53:47.522Z,7298,-9.1500,USD,MILA SALON   BODY SPA,ID,APPROVED,,37X1MJ,POS_TX,470c4b51-f38f-447c-a1fe-0170d0a148ee,470c4b51-f38f-447c-a1fe-0170d0a148ee,"{""id"":""1a68c876-05ca-3e2b-9347-f4289ccd626a"",""data"":{""status"":""APPROVED"",""card_id"":""06d1cfb4-a3b7-413a-99b8-8f4d774525ef"",""merchant"":{""city"":""BADUNG KAB."",""name"":""MILA SALON   BODY SPA"",""state"":null,""country"":""IDN"",""postcode"":null,""identifier"":""001999509259   "",""category_code"":""7298""},""auth_code"":""37X1MJ"",""client_data"":null,""posted_date"":""2025-12-03T01:34:23.151Z"",""lifecycle_id"":""b9fcf9cb-5366-4885-8a36-623f497a6ecc"",""risk_details"":{""risk_factors"":[],""risk_actions_performed"":[],""three_d_secure_outcome"":""NOT_APPLICABLE""},""card_nickname"":"""",""retrieval_ref"":""533675012295"",""billing_amount"":-9.15,""failure_reason"":null,""transaction_id"":""470c4b51-f38f-447c-a1fe-0170d0a148ee"",""billing_currency"":""USD"",""transaction_date"":""2025-12-02T03:53:47.522Z"",""transaction_type"":""CLEARING"",""masked_card_number"":""************4553"",""transaction_amount"":-150000,""transaction_currency"":""IDR"",""matched_authorizations"":[""fd816879-7e4c-458c-82ab-ec77f0732ab4""],""network_transaction_id"":""345336140275373"",""digital_wallet_token_id"":""e6793038-503a-4839-b1a8-718cf2310efd"",""acquiring_institution_identifier"":""436502""},""name"":""issuing.transaction.succeeded"",""version"":""2022-11-11"",""source_id"":""470c4b51-f38f-447c-a1fe-0170d0a148ee"",""account_id"":""acct_842SAxN3PSC_XLMs3G9fmA"",""created_at"":""2025-12-03T01:34:23+0000""}",4553
IDR,272000.0000,16.5900,2025-12-02T02:37:22.196Z,5812,-16.5900,USD,SUBURBIA RESTAURANT,ID,APPROVED,,K53WFT,POS_TX,31812434-a46f-48a6-9d1e-66a5b4020c54,31812434-a46f-48a6-9d1e-66a5b4020c54,"{""id"":""8125e108-96c9-35de-94c7-ffc319f527b1"",""data"":{""status"":""APPROVED"",""card_id"":""06d1cfb4-a3b7-413a-99b8-8f4d774525ef"",""merchant"":{""city"":""Badung (Kab)"",""name"":""SUBURBIA RESTAURANT"",""state"":null,""country"":""IDN"",""postcode"":null,""identifier"":""71512286965    "",""category_code"":""5812""},""auth_code"":""K53WFT"",""client_data"":null,""posted_date"":""2025-12-03T01:06:23.348Z"",""lifecycle_id"":""fd5dfc64-c366-4f55-852c-22725a4256c6"",""risk_details"":{""risk_factors"":[],""risk_actions_performed"":[],""three_d_secure_outcome"":""NOT_APPLICABLE""},""card_nickname"":"""",""retrieval_ref"":""533673008909"",""billing_amount"":-16.59,""failure_reason"":null,""transaction_id"":""31812434-a46f-48a6-9d1e-66a5b4020c54"",""billing_currency"":""USD"",""transaction_date"":""2025-12-02T02:37:22.196Z"",""transaction_type"":""CLEARING"",""masked_card_number"":""************4553"",""transaction_amount"":-272000,""transaction_currency"":""IDR"",""matched_authorizations"":[""743cd812-2ac8-402c-921c-b9cc324217d2""],""network_transaction_id"":""345336094423119"",""digital_wallet_token_id"":""e6793038-503a-4839-b1a8-718cf2310efd"",""acquiring_institution_identifier"":""423978""},""name"":""issuing.transaction.succeeded"",""version"":""2022-11-11"",""source_id"":""31812434-a46f-48a6-9d1e-66a5b4020c54"",""account_id"":""acct_842SAxN3PSC_XLMs3G9fmA"",""created_at"":""2025-12-03T01:06:23+0000""}",4553
GBP,150.0000,197.4200,2025-12-01T14:39:08.185Z,,197.4200,USD,Deel Balance,,APPROVED,,,DEPOSIT,,,,
IDR,336950.0000,20.5400,2025-12-01T05:06:10.064Z,5812,-20.5400,USD,SHAFFA & SMOOTHIE SHOP,ID,DECLINED,Insufficient funds,QREC5P,POS_TX,f96a75d2-56a4-4b21-ae97-007357184750,f96a75d2-56a4-4b21-ae97-007357184750,"{""id"":""d0be68ee-7d37-3536-b32d-87b7fe88114a"",""data"":{""status"":""FAILED"",""card_id"":""06d1cfb4-a3b7-413a-99b8-8f4d774525ef"",""merchant"":{""city"":""BADUNG"",""name"":""SHAFFA & SMOOTHIE SHOP"",""state"":null,""country"":""IDN"",""postcode"":null,""identifier"":""005002173425   "",""category_code"":""5812""},""auth_code"":""QREC5P"",""client_data"":null,""posted_date"":""2025-12-01T05:06:10.064Z"",""lifecycle_id"":""aae0ef4d-c25c-4082-8bf1-023a5dfdf797"",""risk_details"":{""risk_factors"":[],""risk_actions_performed"":[],""three_d_secure_outcome"":""NOT_APPLICABLE""},""card_nickname"":"""",""retrieval_ref"":""533505009658"",""billing_amount"":-20.54,""failure_reason"":""INSUFFICIENT_FUNDS"",""transaction_id"":""f96a75d2-56a4-4b21-ae97-007357184750"",""billing_currency"":""USD"",""transaction_date"":""2025-12-01T05:06:10.064Z"",""transaction_type"":""AUTHORIZATION"",""masked_card_number"":""************4553"",""transaction_amount"":-336950,""transaction_currency"":""IDR"",""network_transaction_id"":""345335183690448"",""digital_wallet_token_id"":""e6793038-503a-4839-b1a8-718cf2310efd"",""acquiring_institution_identifier"":""455632""},""name"":""issuing.transaction.failed"",""version"":""2022-11-11"",""source_id"":""f96a75d2-56a4-4b21-ae97-007357184750"",""account_id"":""acct_842SAxN3PSC_XLMs3G9fmA"",""created_at"":""2025-12-01T05:06:10+0000""}",4553
IDR,61600.0000,3.7600,2025-11-28T10:59:03.381Z,5199,-3.7600,USD,BINTANG MART MBL,ID,APPROVED,,ORL79T,POS_TX,88f1590d-016d-49b3-9d3b-cb24b5fe0a8b,88f1590d-016d-49b3-9d3b-cb24b5fe0a8b,"{""id"":""4a72d279-edc1-36f8-9acf-7cc7fb743e78"",""data"":{""status"":""APPROVED"",""card_id"":""06d1cfb4-a3b7-413a-99b8-8f4d774525ef"",""merchant"":{""city"":""BADUNG - BALI"",""name"":""BINTANG MART MBL"",""state"":null,""country"":""IDN"",""postcode"":null,""identifier"":""100208132159   "",""category_code"":""5199""},""auth_code"":""ORL79T"",""client_data"":null,""posted_date"":""2025-11-28T17:18:23.367Z"",""lifecycle_id"":""76f31159-0e0c-43a8-86a3-cf5121af5b19"",""risk_details"":{""risk_factors"":[],""risk_actions_performed"":[],""three_d_secure_outcome"":""NOT_APPLICABLE""},""card_nickname"":"""",""retrieval_ref"":""533278208567"",""billing_amount"":-3.76,""failure_reason"":null,""transaction_id"":""88f1590d-016d-49b3-9d3b-cb24b5fe0a8b"",""billing_currency"":""USD"",""transaction_date"":""2025-11-28T10:59:03.381Z"",""transaction_type"":""CLEARING"",""masked_card_number"":""************4553"",""transaction_amount"":-61600,""transaction_currency"":""IDR"",""matched_authorizations"":[""db0ac696-4e5a-40c6-9a0d-8c4be85643d2""],""network_transaction_id"":""345332395438321"",""digital_wallet_token_id"":""e6793038-503a-4839-b1a8-718cf2310efd"",""acquiring_institution_identifier"":""410504""},""name"":""issuing.transaction.succeeded"",""version"":""2022-11-11"",""source_id"":""88f1590d-016d-49b3-9d3b-cb24b5fe0a8b"",""account_id"":""acct_842SAxN3PSC_XLMs3G9fmA"",""created_at"":""2025-11-28T17:18:23+0000""}",4553
IDR,168000.0000,10.2400,2025-11-26T04:36:29.116Z,5812,-10.2400,USD,SUBURBIA RESTAURANT,ID,APPROVED,,HB7QV6,POS_TX,37663745-19bc-4c1b-942e-ea8273078104,37663745-19bc-4c1b-942e-ea8273078104,"{""id"":""19e6b69c-88da-3bed-a8ce-87ed4796baf6"",""data"":{""status"":""APPROVED"",""card_id"":""06d1cfb4-a3b7-413a-99b8-8f4d774525ef"",""merchant"":{""city"":""Badung (Kab)"",""name"":""SUBURBIA RESTAURANT"",""state"":null,""country"":""IDN"",""postcode"":null,""identifier"":""71512286965    "",""category_code"":""5812""},""auth_code"":""HB7QV6"",""client_data"":null,""posted_date"":""2025-11-27T00:42:23.146Z"",""lifecycle_id"":""ed1d74ca-e0b1-4a19-85a1-b4f8ff2c43f0"",""risk_details"":{""risk_factors"":[],""risk_actions_performed"":[],""three_d_secure_outcome"":""NOT_APPLICABLE""},""card_nickname"":"""",""retrieval_ref"":""533075008871"",""billing_amount"":-10.24,""failure_reason"":null,""transaction_id"":""37663745-19bc-4c1b-942e-ea8273078104"",""billing_currency"":""USD"",""transaction_date"":""2025-11-26T04:36:29.116Z"",""transaction_type"":""CLEARING"",""masked_card_number"":""************4553"",""transaction_amount"":-168000,""transaction_currency"":""IDR"",""matched_authorizations"":[""92ca0cf3-3f3d-4c33-b52a-77bb342e68bc""],""network_transaction_id"":""465330165883894"",""digital_wallet_token_id"":""e6793038-503a-4839-b1a8-718cf2310efd"",""acquiring_institution_identifier"":""423978""},""name"":""issuing.transaction.succeeded"",""version"":""2022-11-11"",""source_id"":""37663745-19bc-4c1b-942e-ea8273078104"",""account_id"":""acct_842SAxN3PSC_XLMs3G9fmA"",""created_at"":""2025-11-27T00:42:23+0000""}",4553
IDR,39975.0000,2.4400,2025-11-26T03:52:46.505Z,5912,-2.4400,USD,APOTEK BINTANG HO,ID,APPROVED,,MCFJGO,POS_TX,e00db01b-d4f3-44e2-8518-e214f902b2ca,e00db01b-d4f3-44e2-8518-e214f902b2ca,"{""id"":""e127d337-363a-37c9-9ea1-161eb23daa5e"",""data"":{""status"":""APPROVED"",""card_id"":""06d1cfb4-a3b7-413a-99b8-8f4d774525ef"",""merchant"":{""city"":""BADUNG"",""name"":""APOTEK BINTANG HO"",""state"":null,""country"":""IDN"",""postcode"":null,""identifier"":""005002420249   "",""category_code"":""5912""},""auth_code"":""MCFJGO"",""client_data"":null,""posted_date"":""2025-11-26T22:18:23.143Z"",""lifecycle_id"":""5df7fb29-03a3-46ad-9282-45e4bdfad9f0"",""risk_details"":{""risk_factors"":[],""risk_actions_performed"":[],""three_d_secure_outcome"":""NOT_APPLICABLE""},""card_nickname"":"""",""retrieval_ref"":""533074005754"",""billing_amount"":-2.44,""failure_reason"":null,""transaction_id"":""e00db01b-d4f3-44e2-8518-e214f902b2ca"",""billing_currency"":""USD"",""transaction_date"":""2025-11-26T03:52:46.505Z"",""transaction_type"":""CLEARING"",""masked_card_number"":""************4553"",""transaction_amount"":-39975,""transaction_currency"":""IDR"",""matched_authorizations"":[""9166fc26-e123-44d1-a958-2b3a54b81272""],""network_transaction_id"":""355330139661346"",""digital_wallet_token_id"":""e6793038-503a-4839-b1a8-718cf2310efd"",""acquiring_institution_identifier"":""455632""},""name"":""issuing.transaction.succeeded"",""version"":""2022-11-11"",""source_id"":""e00db01b-d4f3-44e2-8518-e214f902b2ca"",""account_id"":""acct_842SAxN3PSC_XLMs3G9fmA"",""created_at"":""2025-11-26T22:18:23+0000""}",4553
IDR,106260.0000,6.4700,2025-11-25T10:12:43.563Z,5812,-6.4700,USD,SATU ULUWATU,ID,APPROVED,,DZP6ZE,POS_TX,de34dbb9-8aa1-414d-a3c3-3099f796fe1e,de34dbb9-8aa1-414d-a3c3-3099f796fe1e,"{""id"":""db4e143a-c4a3-3d7e-a13a-1d46482fb861"",""data"":{""status"":""APPROVED"",""card_id"":""06d1cfb4-a3b7-413a-99b8-8f4d774525ef"",""merchant"":{""city"":""Badung (Kab)"",""name"":""SATU ULUWATU"",""state"":null,""country"":""IDN"",""postcode"":null,""identifier"":""71511200269    "",""category_code"":""5812""},""auth_code"":""DZP6ZE"",""client_data"":null,""posted_date"":""2025-11-26T00:34:23.155Z"",""lifecycle_id"":""3d748d2c-dd53-400f-ae53-c052b6d45889"",""risk_details"":{""risk_factors"":[],""risk_actions_performed"":[],""three_d_secure_outcome"":""NOT_APPLICABLE""},""card_nickname"":"""",""retrieval_ref"":""532975008864"",""billing_amount"":-6.47,""failure_reason"":null,""transaction_id"":""de34dbb9-8aa1-414d-a3c3-3099f796fe1e"",""billing_currency"":""USD"",""transaction_date"":""2025-11-25T10:12:43.563Z"",""transaction_type"":""CLEARING"",""masked_card_number"":""************4553"",""transaction_amount"":-106260,""transaction_currency"":""IDR"",""matched_authorizations"":[""00879b29-cd40-43fd-b360-e514c64dab3c""],""network_transaction_id"":""385329367636271"",""digital_wallet_token_id"":""e6793038-503a-4839-b1a8-718cf2310efd"",""acquiring_institution_identifier"":""423978""},""name"":""issuing.transaction.succeeded"",""version"":""2022-11-11"",""source_id"":""de34dbb9-8aa1-414d-a3c3-3099f796fe1e"",""account_id"":""acct_842SAxN3PSC_XLMs3G9fmA"",""created_at"":""2025-11-26T00:34:23+0000""}",4553
IDR,103774.0000,6.3100,2025-11-25T09:27:29.368Z,5812,-6.3100,USD,ALCHEMY ULUWATU,ID,APPROVED,,6SV3MF,POS_TX,126cacd7-794c-47cc-bfd1-f6f65d6a044e,126cacd7-794c-47cc-bfd1-f6f65d6a044e,"{""id"":""e5fcf1ce-57f7-3132-81a3-5abbb018ca9e"",""data"":{""status"":""APPROVED"",""card_id"":""06d1cfb4-a3b7-413a-99b8-8f4d774525ef"",""merchant"":{""city"":""Badung"",""name"":""ALCHEMY ULUWATU"",""state"":null,""country"":""IDN"",""postcode"":null,""identifier"":""000800805500840"",""category_code"":""5812""},""auth_code"":""6SV3MF"",""client_data"":null,""posted_date"":""2025-11-26T00:26:23.149Z"",""lifecycle_id"":""72c23dfd-03a8-4351-bbec-02c23cdbf10c"",""risk_details"":{""risk_factors"":[],""risk_actions_performed"":[],""three_d_secure_outcome"":""NOT_APPLICABLE""},""card_nickname"":"""",""retrieval_ref"":""532977008278"",""billing_amount"":-6.31,""failure_reason"":null,""transaction_id"":""126cacd7-794c-47cc-bfd1-f6f65d6a044e"",""billing_currency"":""USD"",""transaction_date"":""2025-11-25T09:27:29.368Z"",""transaction_type"":""CLEARING"",""masked_card_number"":""************4553"",""transaction_amount"":-103774,""transaction_currency"":""IDR"",""matched_authorizations"":[""8e146932-4f24-45e7-ac32-080bf0dc2253""],""network_transaction_id"":""585329340497704"",""digital_wallet_token_id"":""e6793038-503a-4839-b1a8-718cf2310efd"",""acquiring_institution_identifier"":""454633""},""name"":""issuing.transaction.succeeded"",""version"":""2022-11-11"",""source_id"":""126cacd7-794c-47cc-bfd1-f6f65d6a044e"",""account_id"":""acct_842SAxN3PSC_XLMs3G9fmA"",""created_at"":""2025-11-26T00:26:23+0000""}",4553
IDR,64000.0000,3.8900,2025-11-25T09:03:16.200Z,5812,-3.8900,USD,% ARABICA ULUWATU BALI,ID,APPROVED,,L8R0PF,POS_TX,6708c8f2-ae39-4e9f-894f-84203def9705,6708c8f2-ae39-4e9f-894f-84203def9705,"{""id"":""84e5f313-6e60-3d7a-9c26-6b16d502ab3a"",""data"":{""status"":""APPROVED"",""card_id"":""06d1cfb4-a3b7-413a-99b8-8f4d774525ef"",""merchant"":{""city"":""BADUNG"",""name"":""% ARABICA ULUWATU BALI"",""state"":null,""country"":""IDN"",""postcode"":null,""identifier"":""005001996146   "",""category_code"":""5812""},""auth_code"":""L8R0PF"",""client_data"":null,""posted_date"":""2025-11-25T22:22:23.359Z"",""lifecycle_id"":""76e170a6-85c4-41bb-af2a-24c6438bd1a1"",""risk_details"":{""risk_factors"":[],""risk_actions_performed"":[],""three_d_secure_outcome"":""NOT_APPLICABLE""},""card_nickname"":"""",""retrieval_ref"":""532970005722"",""billing_amount"":-3.89,""failure_reason"":null,""transaction_id"":""6708c8f2-ae39-4e9f-894f-84203def9705"",""billing_currency"":""USD"",""transaction_date"":""2025-11-25T09:03:16.200Z"",""transaction_type"":""CLEARING"",""masked_card_number"":""************4553"",""transaction_amount"":-64000,""transaction_currency"":""IDR"",""matched_authorizations"":[""a439ae6e-e531-433c-a535-6a53b63f0e99""],""network_transaction_id"":""585329325965288"",""digital_wallet_token_id"":""e6793038-503a-4839-b1a8-718cf2310efd"",""acquiring_institution_identifier"":""455632""},""name"":""issuing.transaction.succeeded"",""version"":""2022-11-11"",""source_id"":""6708c8f2-ae39-4e9f-894f-84203def9705"",""account_id"":""acct_842SAxN3PSC_XLMs3G9fmA"",""created_at"":""2025-11-25T22:22:23+0000""}",4553
IDR,167050.0000,10.1500,2025-11-24T06:36:20.862Z,5812,-10.1500,USD,ARTISAN BINGIN,ID,APPROVED,,BEA5UN,POS_TX,0ded6c8e-e59b-4e49-a0ff-d59e67ed73db,0ded6c8e-e59b-4e49-a0ff-d59e67ed73db,"{""id"":""ae21f21c-7763-3b52-a1fc-f86d72f98206"",""data"":{""status"":""APPROVED"",""card_id"":""06d1cfb4-a3b7-413a-99b8-8f4d774525ef"",""merchant"":{""city"":""Badung"",""name"":""ARTISAN BINGIN"",""state"":null,""country"":""IDN"",""postcode"":null,""identifier"":""000800510016082"",""category_code"":""5812""},""auth_code"":""BEA5UN"",""client_data"":null,""posted_date"":""2025-11-25T02:58:23.135Z"",""lifecycle_id"":""e1c757ab-dbe7-4a7a-aa58-520f04507b3a"",""risk_details"":{""risk_factors"":[],""risk_actions_performed"":[],""three_d_secure_outcome"":""NOT_APPLICABLE""},""card_nickname"":"""",""retrieval_ref"":""532878008020"",""billing_amount"":-10.15,""failure_reason"":null,""transaction_id"":""0ded6c8e-e59b-4e49-a0ff-d59e67ed73db"",""billing_currency"":""USD"",""transaction_date"":""2025-11-24T06:36:20.862Z"",""transaction_type"":""CLEARING"",""masked_card_number"":""************4553"",""transaction_amount"":-167050,""transaction_currency"":""IDR"",""matched_authorizations"":[""c995fa0d-86ad-4a4d-93a4-1668db85ea7b""],""network_transaction_id"":""305328237804255"",""digital_wallet_token_id"":""e6793038-503a-4839-b1a8-718cf2310efd"",""acquiring_institution_identifier"":""470596""},""name"":""issuing.transaction.succeeded"",""version"":""2022-11-11"",""source_id"":""0ded6c8e-e59b-4e49-a0ff-d59e67ed73db"",""account_id"":""acct_842SAxN3PSC_XLMs3G9fmA"",""created_at"":""2025-11-25T02:58:23+0000""}",4553
IDR,215000.0000,13.0600,2025-11-24T05:36:16.572Z,5812,-13.0600,USD,KOFFIETONS HO,ID,APPROVED,,MCHCC3,POS_TX,d3dabf28-c32a-437e-b941-942a2ca09b3a,d3dabf28-c32a-437e-b941-942a2ca09b3a,"{""id"":""1ef77684-bf70-3405-a9c6-368c967df481"",""data"":{""status"":""APPROVED"",""card_id"":""06d1cfb4-a3b7-413a-99b8-8f4d774525ef"",""merchant"":{""city"":""BADUNG"",""name"":""KOFFIETONS HO"",""state"":null,""country"":""IDN"",""postcode"":null,""identifier"":""005000948277   "",""category_code"":""5812""},""auth_code"":""MCHCC3"",""client_data"":null,""posted_date"":""2025-11-24T22:38:23.145Z"",""lifecycle_id"":""9947c603-3848-40d2-96a2-02038a4573a1"",""risk_details"":{""risk_factors"":[],""risk_actions_performed"":[],""three_d_secure_outcome"":""NOT_APPLICABLE""},""card_nickname"":"""",""retrieval_ref"":""532878005106"",""billing_amount"":-13.06,""failure_reason"":null,""transaction_id"":""d3dabf28-c32a-437e-b941-942a2ca09b3a"",""billing_currency"":""USD"",""transaction_date"":""2025-11-24T05:36:16.572Z"",""transaction_type"":""CLEARING"",""masked_card_number"":""************4553"",""transaction_amount"":-215000,""transaction_currency"":""IDR"",""matched_authorizations"":[""0e09e806-9ba9-46c5-82ad-3b31d2060498""],""network_transaction_id"":""355328201765863"",""digital_wallet_token_id"":""e6793038-503a-4839-b1a8-718cf2310efd"",""acquiring_institution_identifier"":""455632""},""name"":""issuing.transaction.succeeded"",""version"":""2022-11-11"",""source_id"":""d3dabf28-c32a-437e-b941-942a2ca09b3a"",""account_id"":""acct_842SAxN3PSC_XLMs3G9fmA"",""created_at"":""2025-11-24T22:38:23+0000""}",4553
IDR,67000.0000,4.0700,2025-11-24T01:59:40.573Z,5812,-4.0700,USD,OSTEN COFFEE & ROASTERY H,ID,APPROVED,,VLJPAN,POS_TX,b56daf2a-b0fb-4fe9-a8e4-4cfc1c952148,b56daf2a-b0fb-4fe9-a8e4-4cfc1c952148,"{""id"":""dd401ab9-8bff-32a6-b1c3-a19280b32ccb"",""data"":{""status"":""APPROVED"",""card_id"":""06d1cfb4-a3b7-413a-99b8-8f4d774525ef"",""merchant"":{""city"":""BADUNG"",""name"":""OSTEN COFFEE & ROASTERY H"",""state"":null,""country"":""IDN"",""postcode"":null,""identifier"":""005002148554   "",""category_code"":""5812""},""auth_code"":""VLJPAN"",""client_data"":null,""posted_date"":""2025-11-24T22:38:23.148Z"",""lifecycle_id"":""123326a2-6006-4078-b9c2-69ac8cca7115"",""risk_details"":{""risk_factors"":[],""risk_actions_performed"":[],""three_d_secure_outcome"":""NOT_APPLICABLE""},""card_nickname"":"""",""retrieval_ref"":""532874005663"",""billing_amount"":-4.07,""failure_reason"":null,""transaction_id"":""b56daf2a-b0fb-4fe9-a8e4-4cfc1c952148"",""billing_currency"":""USD"",""transaction_date"":""2025-11-24T01:59:40.573Z"",""transaction_type"":""CLEARING"",""masked_card_number"":""************4553"",""transaction_amount"":-67000,""transaction_currency"":""IDR"",""matched_authorizations"":[""49006dd0-43dd-43d6-bfd2-32d1b76114c1""],""network_transaction_id"":""345328071803030"",""digital_wallet_token_id"":""e6793038-503a-4839-b1a8-718cf2310efd"",""acquiring_institution_identifier"":""455632""},""name"":""issuing.transaction.succeeded"",""version"":""2022-11-11"",""source_id"":""b56daf2a-b0fb-4fe9-a8e4-4cfc1c952148"",""account_id"":""acct_842SAxN3PSC_XLMs3G9fmA"",""created_at"":""2025-11-24T22:38:23+0000""}",4553
IDR,137000.0000,8.3200,2025-11-23T09:25:19.519Z,5814,-8.3200,USD,MADE'S BAKERY UNGASAN M,ID,APPROVED,,RC0J46,POS_TX,4c286475-1916-4dcc-b519-4f83881f6303,4c286475-1916-4dcc-b519-4f83881f6303,"{""id"":""bdb00af9-8f0f-308b-b61f-910ce91bb901"",""data"":{""status"":""APPROVED"",""card_id"":""06d1cfb4-a3b7-413a-99b8-8f4d774525ef"",""merchant"":{""city"":""BADUNG - BALI"",""name"":""MADE'S BAKERY UNGASAN M"",""state"":null,""country"":""IDN"",""postcode"":null,""identifier"":""100208013459   "",""category_code"":""5814""},""auth_code"":""RC0J46"",""client_data"":null,""posted_date"":""2025-11-24T17:58:23.367Z"",""lifecycle_id"":""b05a7c69-8ddf-4663-a411-b1724e4a9fcf"",""risk_details"":{""risk_factors"":[],""risk_actions_performed"":[],""three_d_secure_outcome"":""NOT_APPLICABLE""},""card_nickname"":"""",""retrieval_ref"":""532873208759"",""billing_amount"":-8.32,""failure_reason"":null,""transaction_id"":""4c286475-1916-4dcc-b519-4f83881f6303"",""billing_currency"":""USD"",""transaction_date"":""2025-11-23T09:25:19.519Z"",""transaction_type"":""CLEARING"",""masked_card_number"":""************4553"",""transaction_amount"":-137000,""transaction_currency"":""IDR"",""matched_authorizations"":[""fc3d961f-7099-4dad-bdce-4410066835b0""],""network_transaction_id"":""585327339197494"",""digital_wallet_token_id"":""e6793038-503a-4839-b1a8-718cf2310efd"",""acquiring_institution_identifier"":""410504""},""name"":""issuing.transaction.succeeded"",""version"":""2022-11-11"",""source_id"":""4c286475-1916-4dcc-b519-4f83881f6303"",""account_id"":""acct_842SAxN3PSC_XLMs3G9fmA"",""created_at"":""2025-11-24T17:58:23+0000""}",4553
IDR,90000.0000,5.4700,2025-11-23T05:41:41.676Z,5812,-5.4700,USD,SBUX KINTAMANI BALI SCAV,ID,APPROVED,,LGC918,POS_TX,54c6c17d-1412-487b-9baa-db511613a0b2,54c6c17d-1412-487b-9baa-db511613a0b2,"{""id"":""044d2a77-130b-3b78-a6aa-a20dcb7c34ae"",""data"":{""status"":""APPROVED"",""card_id"":""06d1cfb4-a3b7-413a-99b8-8f4d774525ef"",""merchant"":{""city"":""BANGLI"",""name"":""SBUX KINTAMANI BALI SCAV"",""state"":null,""country"":""IDN"",""postcode"":null,""identifier"":""005001924777   "",""category_code"":""5812""},""auth_code"":""LGC918"",""client_data"":null,""posted_date"":""2025-11-23T22:34:23.359Z"",""lifecycle_id"":""285270c7-7ae0-4d8c-91c0-0ac3df890a3e"",""risk_details"":{""risk_factors"":[],""risk_actions_performed"":[],""three_d_secure_outcome"":""NOT_APPLICABLE""},""card_nickname"":"""",""retrieval_ref"":""532779005040"",""billing_amount"":-5.47,""failure_reason"":null,""transaction_id"":""54c6c17d-1412-487b-9baa-db511613a0b2"",""billing_currency"":""USD"",""transaction_date"":""2025-11-23T05:41:41.676Z"",""transaction_type"":""CLEARING"",""masked_card_number"":""************4553"",""transaction_amount"":-90000,""transaction_currency"":""IDR"",""matched_authorizations"":[""e0d076df-ebb2-4d9f-affa-f039e1a52793""],""network_transaction_id"":""305327205018076"",""digital_wallet_token_id"":""e6793038-503a-4839-b1a8-718cf2310efd"",""acquiring_institution_identifier"":""455632""},""name"":""issuing.transaction.succeeded"",""version"":""2022-11-11"",""source_id"":""54c6c17d-1412-487b-9baa-db511613a0b2"",""account_id"":""acct_842SAxN3PSC_XLMs3G9fmA"",""created_at"":""2025-11-23T22:34:23+0000""}",4553
IDR,146000.0000,8.8700,2025-11-23T04:09:34.939Z,5812,-8.8700,USD,PAPERHILLS,ID,APPROVED,,T8CYXO,POS_TX,d51e3d2c-2e04-47ed-9ca0-2a0d441dbf24,d51e3d2c-2e04-47ed-9ca0-2a0d441dbf24,"{""id"":""ec13754e-b05b-38a6-94a8-6c39acb4dbb4"",""data"":{""status"":""APPROVED"",""card_id"":""06d1cfb4-a3b7-413a-99b8-8f4d774525ef"",""merchant"":{""city"":""BANGLI"",""name"":""PAPERHILLS"",""state"":null,""country"":""IDN"",""postcode"":null,""identifier"":""005001259607   "",""category_code"":""5812""},""auth_code"":""T8CYXO"",""client_data"":null,""posted_date"":""2025-11-23T22:34:23.352Z"",""lifecycle_id"":""6213d4be-5ad9-4e72-b099-3ee08228dce3"",""risk_details"":{""risk_factors"":[],""risk_actions_performed"":[],""three_d_secure_outcome"":""NOT_APPLICABLE""},""card_nickname"":"""",""retrieval_ref"":""532773005762"",""billing_amount"":-8.87,""failure_reason"":null,""transaction_id"":""d51e3d2c-2e04-47ed-9ca0-2a0d441dbf24"",""billing_currency"":""USD"",""transaction_date"":""2025-11-23T04:09:34.939Z"",""transaction_type"":""CLEARING"",""masked_card_number"":""************4553"",""transaction_amount"":-146000,""transaction_currency"":""IDR"",""matched_authorizations"":[""d2b60a25-bbd5-4a41-bfd6-8b6b5bb8a958""],""network_transaction_id"":""385327149747585"",""digital_wallet_token_id"":""e6793038-503a-4839-b1a8-718cf2310efd"",""acquiring_institution_identifier"":""455632""},""name"":""issuing.transaction.succeeded"",""version"":""2022-11-11"",""source_id"":""d51e3d2c-2e04-47ed-9ca0-2a0d441dbf24"",""account_id"":""acct_842SAxN3PSC_XLMs3G9fmA"",""created_at"":""2025-11-23T22:34:23+0000""}",4553
IDR,215000.0000,13.0400,2025-11-21T12:00:09.960Z,5993,-13.0400,USD,VAPE SPOT UNGASAN,ID,APPROVED,,4L1E19,POS_TX,99b02c33-fec7-4705-b84a-5413085037f5,99b02c33-fec7-4705-b84a-5413085037f5,"{""id"":""372a5913-aad7-386b-9f76-a9dfa9b3f42a"",""data"":{""status"":""APPROVED"",""card_id"":""06d1cfb4-a3b7-413a-99b8-8f4d774525ef"",""merchant"":{""city"":""BADUNG"",""name"":""VAPE SPOT UNGASAN"",""state"":null,""country"":""IDN"",""postcode"":null,""identifier"":""005004174459   "",""category_code"":""5993""},""auth_code"":""4L1E19"",""client_data"":null,""posted_date"":""2025-11-21T22:18:23.438Z"",""lifecycle_id"":""4f59be9b-adbb-4b71-ba0a-46bdf41cc77d"",""risk_details"":{""risk_factors"":[],""risk_actions_performed"":[],""three_d_secure_outcome"":""NOT_APPLICABLE""},""card_nickname"":"""",""retrieval_ref"":""532573005094"",""billing_amount"":-13.04,""failure_reason"":null,""transaction_id"":""99b02c33-fec7-4705-b84a-5413085037f5"",""billing_currency"":""USD"",""transaction_date"":""2025-11-21T12:00:09.960Z"",""transaction_type"":""CLEARING"",""masked_card_number"":""************4553"",""transaction_amount"":-215000,""transaction_currency"":""IDR"",""matched_authorizations"":[""d0152d70-4d42-4b60-9533-c63a07273243""],""network_transaction_id"":""305325432094673"",""digital_wallet_token_id"":""e6793038-503a-4839-b1a8-718cf2310efd"",""acquiring_institution_identifier"":""455632""},""name"":""issuing.transaction.succeeded"",""version"":""2022-11-11"",""source_id"":""99b02c33-fec7-4705-b84a-5413085037f5"",""account_id"":""acct_842SAxN3PSC_XLMs3G9fmA"",""created_at"":""2025-11-21T22:18:23+0000""}",4553
IDR,150500.0000,9.1400,2025-11-21T11:56:17.210Z,5812,-9.1400,USD,TARABELLE DONUTS AND EATS,ID,APPROVED,,2HDENI,POS_TX,0f3bd2b5-9b7c-4496-99e5-6aa7aaeb4647,0f3bd2b5-9b7c-4496-99e5-6aa7aaeb4647,"{""id"":""5adcac7b-8847-3564-bece-4b8565a16133"",""data"":{""status"":""APPROVED"",""card_id"":""06d1cfb4-a3b7-413a-99b8-8f4d774525ef"",""merchant"":{""city"":""BADUNG"",""name"":""TARABELLE DONUTS AND EATS"",""state"":null,""country"":""IDN"",""postcode"":null,""identifier"":""005001424628   "",""category_code"":""5812""},""auth_code"":""2HDENI"",""client_data"":null,""posted_date"":""2025-11-21T22:18:23.687Z"",""lifecycle_id"":""d79faf8f-2075-4208-a38e-c36d30282d16"",""risk_details"":{""risk_factors"":[],""risk_actions_performed"":[],""three_d_secure_outcome"":""NOT_APPLICABLE""},""card_nickname"":"""",""retrieval_ref"":""532572005730"",""billing_amount"":-9.14,""failure_reason"":null,""transaction_id"":""0f3bd2b5-9b7c-4496-99e5-6aa7aaeb4647"",""billing_currency"":""USD"",""transaction_date"":""2025-11-21T11:56:17.210Z"",""transaction_type"":""CLEARING"",""masked_card_number"":""************4553"",""transaction_amount"":-150500,""transaction_currency"":""IDR"",""matched_authorizations"":[""3c0213cb-ed06-4a31-96b3-ed5ed0ed10b4""],""network_transaction_id"":""355325429770405"",""digital_wallet_token_id"":""e6793038-503a-4839-b1a8-718cf2310efd"",""acquiring_institution_identifier"":""455632""},""name"":""issuing.transaction.succeeded"",""version"":""2022-11-11"",""source_id"":""0f3bd2b5-9b7c-4496-99e5-6aa7aaeb4647"",""account_id"":""acct_842SAxN3PSC_XLMs3G9fmA"",""created_at"":""2025-11-21T22:18:23+0000""}",4553
IDR,155000.0000,9.4000,2025-11-21T07:31:46.064Z,5812,-9.4000,USD,MY BERRY CAFE UNGASAN HO,ID,APPROVED,,6B1ZSS,POS_TX,24826c49-f9a5-4bad-a179-df6325a7ed13,24826c49-f9a5-4bad-a179-df6325a7ed13,"{""id"":""37ea6085-6b6a-3b10-8f5c-cd114453c09e"",""data"":{""status"":""APPROVED"",""card_id"":""06d1cfb4-a3b7-413a-99b8-8f4d774525ef"",""merchant"":{""city"":""BADUNG"",""name"":""MY BERRY CAFE UNGASAN HO"",""state"":null,""country"":""IDN"",""postcode"":null,""identifier"":""005003124420   "",""category_code"":""5812""},""auth_code"":""6B1ZSS"",""client_data"":null,""posted_date"":""2025-11-21T22:18:23.352Z"",""lifecycle_id"":""d1cc1ee8-7be9-465d-9d5a-837468704d6e"",""risk_details"":{""risk_factors"":[],""risk_actions_performed"":[],""three_d_secure_outcome"":""NOT_APPLICABLE""},""card_nickname"":"""",""retrieval_ref"":""532573005029"",""billing_amount"":-9.4,""failure_reason"":null,""transaction_id"":""24826c49-f9a5-4bad-a179-df6325a7ed13"",""billing_currency"":""USD"",""transaction_date"":""2025-11-21T07:31:46.064Z"",""transaction_type"":""CLEARING"",""masked_card_number"":""************4553"",""transaction_amount"":-155000,""transaction_currency"":""IDR"",""matched_authorizations"":[""6408d867-c650-4a49-a446-8f2e5cec3904""],""network_transaction_id"":""385325271054329"",""digital_wallet_token_id"":""e6793038-503a-4839-b1a8-718cf2310efd"",""acquiring_institution_identifier"":""455632""},""name"":""issuing.transaction.succeeded"",""version"":""2022-11-11"",""source_id"":""24826c49-f9a5-4bad-a179-df6325a7ed13"",""account_id"":""acct_842SAxN3PSC_XLMs3G9fmA"",""created_at"":""2025-11-21T22:18:23+0000""}",4553
GBP,100.0000,130.0400,2025-11-20T13:50:43.448Z,,130.0400,USD,Deel Balance,,APPROVED,,,DEPOSIT,,,,
USD,3500.1500,3500.1500,2025-01-15T23:30:06.656Z,,,,Deel Balance,,APPROVED,,,WITHDRAWAL,,,,
USD,1500.0000,1500.0000,2024-07-24T06:13:05.064Z,,,,Deel Balance,,APPROVED,,,WITHDRAWAL,,,,
USD,1534.0000,1534.0000,2024-07-23T13:28:37.234Z,,,,Deel Balance,,APPROVED,,,WITHDRAWAL,,,,
USD,12.9500,0.0000,2024-06-29T00:40:48.677Z,,,,WALMART+ MEMBERSHIP,,DECLINED,blocked card,,POS_TX,,,,2090
USD,12.9500,0.0000,2024-06-22T01:48:30.620Z,,,,WALMART+ MEMBERSHIP,,DECLINED,blocked card,,POS_TX,,,,2090
USD,12.9500,0.0000,2024-06-15T03:21:10.594Z,,,,WALMART+ MEMBERSHIP,,DECLINED,blocked card,,POS_TX,,,,2090
USD,12.9500,0.0000,2024-06-08T19:03:13.108Z,,,,WALMART+ MEMBERSHIP,,DECLINED,blocked card,,POS_TX,,,,2090
USD,0.0000,0.0000,2024-06-05T19:32:10.522Z,,,,WALMART+ MEMBERSHIP,,DECLINED,blocked card,,POS_TX,,,,2090
USD,0.0000,0.0000,2024-05-29T19:21:25.487Z,,,,WALMART+ MEMBERSHIP,,DECLINED,blocked card,,POS_TX,,,,2090
SGD,238.0100,176.2940,2024-05-16T00:00:00.000Z,5411,,,HARVEYS #1690,US,APPROVED,,,REFUND,,,,2090
EUR,7.9900,0.0000,2024-04-11T13:08:58.081Z,,,,NETFLIX.COM,,DECLINED,blocked card,,POS_TX,,,,2090
EUR,7.9900,0.0000,2024-04-11T02:48:50.989Z,,,,Netflix.com,,DECLINED,blocked card,,POS_TX,,,,2090
USD,12.9500,0.0000,2024-04-08T19:13:56.993Z,,,,WMT PLUS Apr 2024,,DECLINED,blocked card,,POS_TX,,,,2090
USD,0.0000,0.0000,2024-03-29T19:06:16.763Z,,,,WALMART+ MEMBERSHIP,,DECLINED,blocked card,,POS_TX,,,,2090
USD,221.4500,221.4500,2024-03-13T15:13:18.000Z,5691,,,SP SKIMS,US,APPROVED,,,REFUND,,,,2090
EUR,7.9900,8.9600,2024-03-11T06:02:36.000Z,4899,,,NETFLIX.COM,NL,APPROVED,,,POS_TX,,,,2090
USD,1.0000,1.0000,2024-03-10T22:17:31.000Z,5812,,,GRUBHUB,US,APPROVED,,,REFUND,,,,2090
USD,1.0000,1.0000,2024-03-10T22:17:27.000Z,5812,,,GRUBHUB,US,APPROVED,,,POS_TX,,,,2090
USD,196.8200,178.3100,2024-03-10T22:06:54.000Z,5411,,,HARVEYS #1690,US,APPROVED,,,POS_TX,,,,2090
USD,122.7100,122.7100,2024-03-10T19:17:23.000Z,5947,,,PERSONALIZATION MALL,US,APPROVED,,,REFUND,,,,2090
USD,421.3600,421.3600,2024-03-10T18:36:06.000Z,5712,,,WF *WAYFAIR4233105222,US,APPROVED,,,REFUND,,,,2090
USD,421.3600,421.3600,2024-03-10T18:22:24.000Z,5712,,,WF *WAYFAIR4233105222,US,APPROVED,,,POS_TX,,,,2090
USD,221.4500,221.4500,2024-03-10T18:14:39.000Z,5691,,,SP SKIMS,US,APPROVED,,,POS_TX,,,,2090
USD,213.5300,213.5300,2024-03-10T18:04:03.000Z,5310,,,WALMART.COM 8009666546,US,APPROVED,,,REFUND,,,,2090
USD,122.7100,122.7100,2024-03-10T17:59:31.000Z,5947,,,PERSONALIZATION MALL,US,APPROVED,,,POS_TX,,,,2090
USD,213.5300,213.5300,2024-03-10T17:53:08.000Z,5310,,,WALMART.COM 8009666546,US,APPROVED,,,POS_TX,,,,2090
USD,0.0000,0.0000,2024-03-10T00:00:00.000Z,5310,,,WALMART.COM 8009666546,US,APPROVED,,,POS_TX,,,,2090
USD,0.0000,0.0000,2024-03-10T00:00:00.000Z,5942,,,AMAZON.COM,US,APPROVED,,,POS_TX,,,,2090
USD,275.4600,275.4600,2023-11-21T13:36:40.000Z,4722,,,Traveloka3DS*108880159,SG,APPROVED,,,POS_TX,,,,2090
GBP,1500.0000,1854.1300,2023-11-17T11:28:18.562Z,,,,Deel Balance,,APPROVED,,,DEPOSIT,,,,
USD,129.0800,129.0800,2023-10-20T14:49:25.000Z,4722,,,AIRBNB * HMYFPMMNJR,GB,APPROVED,,,POS_TX,,,,2090
USD,113.5600,113.5600,2023-10-17T10:12:44.000Z,4722,,,AIRBNB * HMSRSD4NYB,GB,APPROVED,,,POS_TX,,,,2090
USD,471.3000,471.3000,2023-10-13T10:33:13.000Z,4722,,,AIRBNB * HMJA5ZERZD,GB,APPROVED,,,POS_TX,,,,2090
USD,126.5100,126.5100,2023-10-13T10:30:40.000Z,4722,,,AIRBNB * HMBHBP3SF4,GB,APPROVED,,,POS_TX,,,,2090
USD,0.0000,0.0000,2023-10-13T00:00:00.000Z,4722,,,AIRBNB INC,US,APPROVED,,,POS_TX,,,,2090
USD,183.7700,183.7700,2023-10-12T15:45:03.000Z,4722,,,AIRBNB * HMD2E3DZP8,GB,APPROVED,,,POS_TX,,,,2090
GBP,725.0000,923.2700,2023-06-19T06:56:57.091Z,,,,Deel Balance,,APPROVED,,,DEPOSIT,,,,
TRY,354.6900,18.7355,2023-04-15T05:25:59.000Z,4722,,,AIRBNB * HMYZJ2FRZH,GB,APPROVED,,,POS_TX,,,,2090
TRY,4152.7000,224.3288,2023-03-18T15:16:12.000Z,4722,,,AIRBNB * HMHJHMBKZQ,GB,APPROVED,,,POS_TX,,,,2090
IDR,4000174.0000,264.0628,2023-03-10T10:10:20.000Z,4722,,,AGODA.COM THE KIRANA,HK,APPROVED,,,POS_TX,,,,2090
TRY,2764.9800,149.7221,2023-03-09T16:29:24.000Z,4722,,,AIRBNB * HMY82X5449,GB,APPROVED,,,POS_TX,,,,2090
IDR,500000.0000,33.2287,2023-03-05T05:42:07.000Z,7929,,,LPC#3329608#BALI,DE,APPROVED,,,POS_TX,,,,2090
IDR,1389142.0000,92.6355,2023-02-28T03:35:39.000Z,4722,,,AGODA.COM KHAIYYARA,HK,APPROVED,,,POS_TX,,,,2090
IDR,2962080.0000,197.1319,2023-02-28T03:31:01.000Z,7011,,,Hotel at Booking.com,NL,APPROVED,,,POS_TX,,,,2090
USD,0.0000,0.0000,2023-02-27T09:43:25.966Z,,,,exchange fee,,APPROVED,,,FEE,,,,2090
USD,0.0000,0.0000,2023-02-27T09:43:25.966Z,,,,exchange fee,,APPROVED,,,FEE,,,,2090
GBP,3000.0000,3566.9700,2023-02-27T09:43:25.966Z,,,,Deel Balance,,APPROVED,,,DEPOSIT,,,,
IDR,1743659.0000,116.6556,2023-02-10T10:07:37.000Z,4722,,,AGODA.COM NESA SANUR,HK,APPROVED,,,POS_TX,,,,2090
IDR,2992500.0000,200.2056,2023-02-09T04:35:58.000Z,4722,,,AGODA.COM AMED SANTO,HK,APPROVED,,,POS_TX,,,,2090
GBP,90.0000,110.0700,2023-02-07T13:52:18.000Z,5817,,,Wix.com 1039111019,GB,APPROVED,,,REFUND,,,,2090
GBP,90.0000,111.1707,2023-02-06T14:32:17.000Z,5817,,,Wix.com 1039111019,GB,APPROVED,,,POS_TX,,,,2090
RUB,1.0000,0.0200,2023-02-06T13:09:29.000Z,7399,,,GOOGLE *TEMPORARY HOLD,GB,APPROVED,,,REFUND,,,,2090
RUB,1.0000,0.0200,2023-02-06T13:09:26.000Z,7399,,,GOOGLE *TEMPORARY HOLD,GB,APPROVED,,,POS_TX,,,,2090
RUB,1.0000,0.0200,2023-02-06T06:25:09.000Z,7399,,,GOOGLE *TEMPORARY HOLD,GB,APPROVED,,,REFUND,,,,2090
RUB,1.0000,0.0200,2023-02-06T06:25:08.000Z,7399,,,GOOGLE *TEMPORARY HOLD,GB,APPROVED,,,POS_TX,,,,2090
TRY,1741.4000,94.6070,2023-01-30T11:39:22.000Z,4722,,,AIRBNB * HMCBDW8Y5J,GB,APPROVED,,,POS_TX,,,,2090
TRY,4611.8400,250.5118,2023-01-24T05:58:01.000Z,4722,,,AIRBNB * HMTTYAW53J,GB,APPROVED,,,POS_TX,,,,2090
SGD,497.9400,381.3919,2023-01-17T07:31:51.000Z,4722,,,AGODA.COM BLU PINE V,HK,APPROVED,,,POS_TX,,,,2090
GBP,2000.0000,2410.3100,2023-01-10T13:51:36.105Z,,,,Deel Balance,,APPROVED,,,DEPOSIT,,,,
USD,363.7200,363.7200,2022-12-28T11:36:28.000Z,4722,,,AIRBNB * HMC42PECWM,GB,APPROVED,,,POS_TX,,,,2090
AED,99.0000,27.3002,2022-11-26T14:35:13.000Z,4814,,,DU QUICK RECHARGE,AE,APPROVED,,,POS_TX,,,,2090
USD,487.9100,487.9100,2022-11-14T12:40:28.000Z,4511,,,flydubai,AE,APPROVED,,,POS_TX,,,,2090
GBP,1500.0000,1755.0500,2022-11-14T12:38:32.410Z,,,,Deel Balance,,APPROVED,,,DEPOSIT,,,,
USD,487.9100,0.0000,2022-11-14T12:37:02.713Z,4511,,,flydubai,ARE,DECLINED,wrong CVV,,POS_TX,,,,2090
TRY,17050.6600,952.1256,2022-11-14T12:36:13.000Z,4722,,,AIRBNB * HM4NQFQECK,GB,APPROVED,,,POS_TX,,,,2090
TRY,26726.5000,1492.4309,2022-11-14T12:04:13.000Z,4722,,,AIRBNB * HMYQYJY8SM,GB,APPROVED,,,POS_TX,,,,2090
GBP,1000.0000,1168.8300,2022-11-11T14:26:49.368Z,,,,Deel Balance,,APPROVED,,,DEPOSIT,,,,
GBP,500.0000,563.1200,2022-10-25T10:25:20.694Z,,,,Deel Balance,,APPROVED,,,DEPOSIT,,,,
TRY,7396.3100,408.8436,2022-10-15T18:30:29.000Z,4722,,,AIRBNB * HM4TNMMM4S,GB,APPROVED,,,POS_TX,,,,2090
GBP,1000.0000,1099.8100,2022-10-10T13:21:11.182Z,,,,Deel Balance,,APPROVED,,,DEPOSIT,,,,
TRY,5803.7800,318.0475,2022-10-07T10:42:56.000Z,4722,,,AIRBNB * HMJ49NAT9Z,GB,APPROVED,,,POS_TX,,,,2090
TRY,1966.4800,108.7660,2022-09-30T13:17:36.000Z,4722,,,AIRBNB * HMTPFBZXSD,GB,APPROVED,,,POS_TX,,,,2090
USD,5.0000,5.0000,2022-08-11T15:54:20.269Z,,,,Deel Inc. - New Card Fee,,APPROVED,,,FEE,,,,2090
GBP,570.0000,692.6800,2022-08-11T15:54:20.269Z,,,,Deel Balance,,APPROVED,,,DEPOSIT,,,,
