id,symbol,side,price,quantity,timestamp,order_id,user_id,created_at
1,MNTUSDT,sell,1.1721,150,1733750806236,2280000000834176602,1,2025-04-04 10:39:50
2,MNTUSDT,sell,1.1375,357.64,1733746251829,2280000000833958821,1,2025-04-04 10:39:50
3,MNTUSDT,sell,1.1376,542.36,1733746251829,2280000000833958820,1,2025-04-04 10:39:50
4,MNTUSDT,buy,1.2581,120,1735715023072,2280000000900934277,1,2025-04-04 10:39:50
5,MNTUSDT,buy,1.3693,80,1735962195917,2280000000906431147,1,2025-04-04 10:39:50
6,MNTUSDT,buy,0.8464,80,1738547754833,2280000000977596053,1,2025-04-04 10:39:50
7,MNTUSDT,buy,0.8961,45.76,1738547695198,2280000000977520391,1,2025-04-04 10:39:50
8,MNTUSDT,buy,0.8961,18.24,1738547695189,2280000000977520389,1,2025-04-04 10:39:50
17,ETHUSDT,buy,1626.01,0.03075,1694331668958,2280000000073796556,1,2025-04-05 08:19:51
18,ETHUSDT,sell,1810,0.03751,1698248006044,2280000000092185818,1,2025-04-05 08:19:51
19,ETHUSDT,sell,2000,0.05,1700435285048,2280000000111723210,1,2025-04-05 08:19:51
20,ETHUSDT,sell,1960,0.025,1700323968044,2280000000110654090,1,2025-04-05 08:19:51
21,ETHUSDT,sell,2100,0.025,1701405375483,2280000000120720727,1,2025-04-05 08:19:51
22,ETHUSDT,buy,2225,0.04494,1703568941988,2280000000144489225,1,2025-04-05 08:19:51
23,ETHUSDT,buy,2206.62,0.08066,1704284338908,2280000000155216228,1,2025-04-05 08:19:51
24,ETHUSDT,buy,2300,0.06521,1704282962285,2280000000154924771,1,2025-04-05 08:19:51
25,ETHUSDT,buy,2345,0.03928,1704280464857,2280000000154851360,1,2025-04-05 08:19:51
26,ETHUSDT,buy,2345,0.00419,1704280464854,2280000000154851359,1,2025-04-05 08:19:51
27,ETHUSDT,buy,2345,0.02063,1704280464451,2280000000154851341,1,2025-04-05 08:19:51
28,ETHUSDT,buy,2365,0.06382,1704208356939,2280000000153886325,1,2025-04-05 08:19:51
29,ETHUSDT,sell,2450,0.02244,1704901171967,2280000000164789963,1,2025-04-05 08:19:51
30,ETHUSDT,buy,2532.6,0.01974,1705259160859,2280000000171559866,1,2025-04-05 08:19:51
31,ETHUSDT,buy,3448.1,0.10144,1709669156452,2280000000236925851,1,2025-04-05 08:19:51
32,ETHUSDT,buy,3351.6,0.02982,1709668760225,2280000000236837089,1,2025-04-05 08:19:51
33,ETHUSDT,buy,3665.91,0.02727,1709662501154,2280000000236251006,1,2025-04-05 08:19:51
34,ETHUSDT,sell,3385.78,0.01753,1709229805084,2280000000223249702,1,2025-04-05 08:19:51
35,ETHUSDT,buy,3700,0.1,1710471194733,2280000000260492835,1,2025-04-05 08:19:51
36,ETHUSDT,buy,3292.37,0.04555,1712071675168,2280000000302117308,1,2025-04-05 08:19:51
37,ETHUSDT,buy,2900,0.048,1714547337008,2280000000351288837,1,2025-04-05 08:19:51
38,ETHUSDT,buy,3317.61,0.07527,1719238658990,2280000000463328528,1,2025-04-05 08:19:51
39,ETHUSDT,buy,3289.4,0.0331,1720011600235,2280000000479142264,1,2025-04-05 08:19:51
40,ETHUSDT,buy,2850.68,0.05075,1720403303677,2280000000488923068,1,2025-04-05 08:19:51
41,ETHUSDT,buy,2850.51,0.00093,1720403303677,2280000000488923067,1,2025-04-05 08:19:51
42,ETHUSDT,buy,2850.49,0.00093,1720403303677,2280000000488923066,1,2025-04-05 08:19:51
43,ETHUSDT,buy,3399.63,0.00294,1721325895004,2280000000512539639,1,2025-04-05 08:19:51
44,ETHUSDT,buy,2229.72,0.06723,1722862777370,2280000000555787973,1,2025-04-05 08:19:51
45,ETHUSDT,buy,2353.64,0.00213,1722833225638,2280000000553253467,1,2025-04-05 08:19:51
46,ETHUSDT,buy,2353.64,0.00009,1722833225638,2280000000553253466,1,2025-04-05 08:19:51
47,ETHUSDT,buy,2353.51,0.03356,1722833225638,2280000000553253465,1,2025-04-05 08:19:51
48,ETHUSDT,buy,2248.28,0.11119,1725644671678,2280000000618544300,1,2025-04-05 08:19:51
49,ETHUSDT,sell,3400,0.08324,1732249541053,2280000000775246361,1,2025-04-05 08:19:51
50,ETHUSDT,buy,3128.9,0.04793,1734696221690,2280000000873668689,1,2025-04-05 08:19:51
51,ETHUSDT,buy,3000,0.02,1736778837156,2280000000927046600,1,2025-04-05 08:19:51
52,ETHUSDT,buy,2200,0.08,1738548459190,2280000000978138502,1,2025-04-05 08:19:51
53,ETHUSDT,buy,2705.33,0.04,1738547147185,2280000000977151452,1,2025-04-05 08:19:51
54,PYTHUSDT,buy,0.35,477.2,1703603635043,2220000000060361437,1,2025-04-08 04:21:42
55,PYTHUSDT,buy,0.35,37.08,1703603635042,2220000000060361436,1,2025-04-08 04:21:42
56,PYTHUSDT,buy,0.28463,239.49,1704284962374,2220000000065232547,1,2025-04-08 04:21:42
57,PYTHUSDT,sell,0.36,188.25,1705253903319,2220000000074621860,1,2025-04-08 04:21:42
58,PYTHUSDT,buy,0.38,93.07,1705918811717,2220000000083248950,1,2025-04-08 04:21:42
59,PYTHUSDT,sell,0.435,161.61,1705859654059,2220000000082349272,1,2025-04-08 04:21:42
60,PYTHUSDT,sell,0.43,30.47,1705836460201,2220000000082037295,1,2025-04-08 04:21:42
61,PYTHUSDT,sell,0.43,77.26,1705836368998,2220000000082036426,1,2025-04-08 04:21:42
62,PYTHUSDT,sell,0.37,222.22,1705716862758,2220000000080608911,1,2025-04-08 04:21:42
63,PYTHUSDT,sell,0.37,60.16,1705716862750,2220000000080608910,1,2025-04-08 04:21:42
64,PYTHUSDT,buy,0.32,148.72,1705635124081,2220000000079215151,1,2025-04-08 04:21:42
65,PYTHUSDT,sell,0.41592,127.29,1706412651829,2220000000089219619,1,2025-04-08 04:21:42
66,PYTHUSDT,sell,0.50155,92.38,1706853412389,2220000000093400637,1,2025-04-08 04:21:42
67,PYTHUSDT,buy,0.39038,294.73,1716182889576,2220000000255481577,1,2025-04-08 04:21:42
68,PYTHUSDT,buy,0.42298,109.91,1716494894327,2220000000262315875,1,2025-04-08 04:21:42
69,PYTHUSDT,buy,0.3,166.66,1719206582357,2220000000304528364,1,2025-04-08 04:21:42
70,PYTHUSDT,buy,0.28168,177.5,1722802279219,2220000000368664673,1,2025-04-08 04:21:42
71,PYTHUSDT,buy,0.41,1.46,1731405987299,2220000000477067012,1,2025-04-08 04:21:42
72,PYTHUSDT,buy,0.41,193.66,1731405987289,2220000000477066994,1,2025-04-08 04:21:42
73,PYTHUSDT,buy,0.41,81.1,1733794569333,2220000000538931032,1,2025-04-08 04:21:42
74,PYTHUSDT,buy,0.41,85.56,1733794569333,2220000000538931031,1,2025-04-08 04:21:42
75,PYTHUSDT,buy,0.355,166.66,1734638112864,2220000000560045214,1,2025-04-08 04:21:42
76,PYTHUSDT,buy,0.39163,181.96,1736247707996,2220000000584157288,1,2025-04-08 04:21:42
77,PYTHUSDT,buy,0.3,166.68,1736763898276,2220000000590146089,1,2025-04-08 04:21:42
78,PYTHUSDT,buy,0.32916,250.5,1736598818741,2220000000588944008,1,2025-04-08 04:21:42
79,BLURUSDT,sell,0.41715,48.96,1714983954698,2250000000185000053,1,2025-04-08 06:23:39
80,BLURUSDT,buy,0.40815,49.01,1714979832672,2250000000184965104,1,2025-04-08 06:23:39
81,BLURUSDT,sell,0.41638,49.04,1714974218073,2250000000184929006,1,2025-04-08 06:23:39
82,BLURUSDT,buy,0.40739,49.09,1714937727105,2250000000184765537,1,2025-04-08 06:23:39
83,BLURUSDT,sell,0.46661,87.53,1716654468735,2250000000194531729,1,2025-04-08 06:23:39
84,BLURUSDT,buy,0.45249,44.2,1716637716089,2250000000194337851,1,2025-04-08 06:23:39
85,BLURUSDT,buy,0.46066,16.25,1716634943244,2250000000194308170,1,2025-04-08 06:23:39
86,BLURUSDT,buy,0.46066,27.17,1716634943236,2250000000194308169,1,2025-04-08 06:23:39
87,BLURUSDT,sell,0.17465,116.92,1720978975838,2250000000219556490,1,2025-04-08 06:23:39
88,BLURUSDT,buy,0.17074,117.14,1720934180510,2250000000219245906,1,2025-04-08 06:23:39
89,BLURUSDT,buy,0.13499,333.05,1722952984193,2250000000236316939,1,2025-04-08 06:23:39
90,BLURUSDT,buy,0.13498,37.1,1722952984193,2250000000236316938,1,2025-04-08 06:23:39
91,BLURUSDT,buy,0.16163,374.03,1722628011161,2250000000232275021,1,2025-04-08 06:23:39
92,BLURUSDT,buy,0.16161,9.3,1722628011161,2250000000232275020,1,2025-04-08 06:23:39
93,BLURUSDT,sell,0.15438,132.39,1723288177271,2250000000239106223,1,2025-04-08 06:23:39
94,BLURUSDT,buy,0.15089,99.43,1723282126234,2250000000239070516,1,2025-04-08 06:23:39
95,BLURUSDT,buy,0.15089,33.12,1723282117764,2250000000239070462,1,2025-04-08 06:23:39
96,BLURUSDT,sell,0.16799,401.49,1724220729976,2250000000245683135,1,2025-04-08 06:23:39
97,BLURUSDT,buy,0.16015,162.35,1724166244254,2250000000244840508,1,2025-04-08 06:23:39
98,BLURUSDT,buy,0.16551,120.84,1724159304002,2250000000244703035,1,2025-04-08 06:23:39
99,BLURUSDT,buy,0.16849,91.96,1724139792454,2250000000244436037,1,2025-04-08 06:23:39
100,BLURUSDT,buy,0.16849,17.84,1724139792435,2250000000244436036,1,2025-04-08 06:23:39
101,BLURUSDT,buy,0.16849,8.91,1724139792355,2250000000244436035,1,2025-04-08 06:23:39
102,BLURUSDT,buy,0.15639,511.54,1725030121486,2250000000259403207,1,2025-04-08 06:23:39
103,BLURUSDT,sell,0.22041,382.64,1726873402286,2250000000275035734,1,2025-04-08 06:23:39
104,BLURUSDT,buy,0.18536,429.23,1730649014368,2250000000301190589,1,2025-04-08 06:23:39
105,BLURUSDT,buy,0.18536,110.26,1730649014360,2250000000301190588,1,2025-04-08 06:23:39
106,BLURUSDT,sell,0.3,544.93,1732372916295,2250000000318650570,1,2025-04-08 06:23:39
107,BLURUSDT,buy,0.3437,232.76,1733808825612,2250000000340562021,1,2025-04-08 06:23:39
108,BLURUSDT,buy,0.27405,456.81,1735968783180,2250000000359252042,1,2025-04-08 06:23:39
109,BLURUSDT,buy,0.27404,199.69,1735968783180,2250000000359252041,1,2025-04-08 06:23:39
110,CPOOLUSDT,buy,0.24029,190.11,1712291318438,2230000000177201642,1,2025-04-08 07:48:54
111,CPOOLUSDT,buy,0.24029,41.57,1712291126930,2230000000177197154,1,2025-04-08 07:48:54
112,CPOOLUSDT,buy,0.24029,17.41,1712291126930,2230000000177197153,1,2025-04-08 07:48:54
113,CPOOLUSDT,buy,0.24029,49.12,1712291126930,2230000000177197152,1,2025-04-08 07:48:54
114,CPOOLUSDT,buy,0.17,470.58,1712942972098,2230000000192763172,1,2025-04-08 07:48:54
115,CPOOLUSDT,buy,0.182,76.43,1712935326014,2230000000192398522,1,2025-04-08 07:48:54
116,CPOOLUSDT,buy,0.182,216.59,1712935318418,2230000000192398277,1,2025-04-08 07:48:54
117,CPOOLUSDT,buy,0.182,178.02,1712935315193,2230000000192398224,1,2025-04-08 07:48:54
118,CPOOLUSDT,buy,0.182,353.13,1712935297987,2230000000192397889,1,2025-04-08 07:48:54
119,CPOOLUSDT,sell,0.1857,109.96,1713955336029,2230000000215600515,1,2025-04-08 07:48:54
120,CPOOLUSDT,buy,0.18169,7.29,1713952545442,2230000000215559348,1,2025-04-08 07:48:54
121,CPOOLUSDT,buy,0.18169,36.39,1713952524297,2230000000215558948,1,2025-04-08 07:48:54
122,CPOOLUSDT,buy,0.18169,66.4,1713952524297,2230000000215558947,1,2025-04-08 07:48:54
123,CPOOLUSDT,sell,0.18602,109.79,1713937955635,2230000000215354923,1,2025-04-08 07:48:54
124,CPOOLUSDT,buy,0.182,109.9,1713934306107,2230000000215293124,1,2025-04-08 07:48:54
125,CPOOLUSDT,sell,0.2065,197.79,1713676380263,2230000000211120313,1,2025-04-08 07:48:54
126,CPOOLUSDT,buy,0.20025,99.88,1713673933882,2230000000211092292,1,2025-04-08 07:48:54
127,CPOOLUSDT,buy,0.20387,98.11,1713652527730,2230000000210808594,1,2025-04-08 07:48:54
128,CPOOLUSDT,sell,0.18406,48.87,1713529460931,2230000000208549890,1,2025-04-08 07:48:54
129,CPOOLUSDT,sell,0.18406,62.06,1713529361792,2230000000208547460,1,2025-04-08 07:48:54
130,CPOOLUSDT,buy,0.18009,111.05,1713527062403,2230000000208488594,1,2025-04-08 07:48:54
131,CPOOLUSDT,buy,0.16099,631.35,1714189652585,2230000000219324268,1,2025-04-08 07:48:54
132,CPOOLUSDT,sell,0.15252,133.89,1714979734337,2230000000230865446,1,2025-04-08 07:48:54
133,CPOOLUSDT,buy,0.14923,134.03,1714975886518,2230000000230815180,1,2025-04-08 07:48:54
134,CPOOLUSDT,sell,0.15596,130.94,1714769013116,2230000000228465443,1,2025-04-08 07:48:54
135,CPOOLUSDT,buy,0.15259,8.27,1714754323167,2230000000228280080,1,2025-04-08 07:48:54
136,CPOOLUSDT,buy,0.15259,38.37,1714754301485,2230000000228279679,1,2025-04-08 07:48:54
137,CPOOLUSDT,buy,0.15259,84.44,1714754301485,2230000000228279678,1,2025-04-08 07:48:54
138,CPOOLUSDT,buy,0.1526,524.24,1714754024717,2230000000228274397,1,2025-04-08 07:48:54
139,CPOOLUSDT,sell,0.16554,92.8,1716230864497,2230000000245044914,1,2025-04-08 07:48:54
140,CPOOLUSDT,sell,0.16554,30.56,1716230864462,2230000000245044913,1,2025-04-08 07:48:54
141,CPOOLUSDT,buy,0.16196,123.49,1716228627885,2230000000245018838,1,2025-04-08 07:48:54
142,CPOOLUSDT,sell,0.15549,66.56,1715930682254,2230000000241906491,1,2025-04-08 07:48:54
143,CPOOLUSDT,sell,0.15562,49.79,1715930682254,2230000000241906490,1,2025-04-08 07:48:54
144,CPOOLUSDT,sell,0.15562,49.79,1715930682254,2230000000241906489,1,2025-04-08 07:48:54
145,CPOOLUSDT,sell,0.15565,360.59,1715930682254,2230000000241906488,1,2025-04-08 07:48:54
146,CPOOLUSDT,sell,0.15579,90.69,1715930682254,2230000000241906487,1,2025-04-08 07:48:54
147,CPOOLUSDT,sell,0.1558,197.37,1715930682254,2230000000241906486,1,2025-04-08 07:48:54
148,CPOOLUSDT,sell,0.15604,96.95,1715930682254,2230000000241906485,1,2025-04-08 07:48:54
149,CPOOLUSDT,sell,0.15605,197.37,1715930682254,2230000000241906484,1,2025-04-08 07:48:54
150,CPOOLUSDT,sell,0.15607,66.43,1715930682254,2230000000241906483,1,2025-04-08 07:48:54
151,CPOOLUSDT,sell,0.15607,197.37,1715930682254,2230000000241906482,1,2025-04-08 07:48:54
152,CPOOLUSDT,sell,0.19994,509.67,1716944863286,2230000000256586920,1,2025-04-08 07:48:54
153,CPOOLUSDT,buy,0.18523,182.48,1716871478161,2230000000255399930,1,2025-04-08 07:48:54
154,CPOOLUSDT,buy,0.19641,132.38,1716863973183,2230000000255265770,1,2025-04-08 07:48:54
155,CPOOLUSDT,buy,0.20298,40.92,1716837499534,2230000000254850133,1,2025-04-08 07:48:54
156,CPOOLUSDT,buy,0.20298,25.3,1716837082451,2230000000254843102,1,2025-04-08 07:48:54
157,CPOOLUSDT,buy,0.20298,32.32,1716837082442,2230000000254843101,1,2025-04-08 07:48:54
158,CPOOLUSDT,buy,0.20665,96.79,1716825863765,2230000000254635322,1,2025-04-08 07:48:54
159,CPOOLUSDT,sell,0.21531,94.84,1716584395238,2230000000251410749,1,2025-04-08 07:48:54
160,CPOOLUSDT,buy,0.21066,94.94,1716582143076,2230000000251386233,1,2025-04-08 07:48:54
161,CPOOLUSDT,sell,0.18791,108.68,1716503624003,2230000000250101051,1,2025-04-08 07:48:54
162,CPOOLUSDT,buy,0.18385,108.79,1716502406394,2230000000250082205,1,2025-04-08 07:48:54
163,CPOOLUSDT,sell,0.22276,189.92,1717492793575,2230000000263787857,1,2025-04-08 07:48:54
164,CPOOLUSDT,sell,0.22281,138.01,1717492793575,2230000000263787856,1,2025-04-08 07:48:54
165,CPOOLUSDT,sell,0.22283,51.36,1717492793575,2230000000263787855,1,2025-04-08 07:48:54
166,CPOOLUSDT,sell,0.22306,82.31,1717492793575,2230000000263787854,1,2025-04-08 07:48:54
167,CPOOLUSDT,sell,0.22328,45.43,1717492793575,2230000000263787853,1,2025-04-08 07:48:54
168,CPOOLUSDT,sell,0.22328,159.63,1717492793575,2230000000263787852,1,2025-04-08 07:48:54
169,CPOOLUSDT,buy,0.19175,240.36,1718090527303,2230000000272712523,1,2025-04-08 07:48:54
170,CPOOLUSDT,buy,0.19174,123.31,1718090527303,2230000000272712522,1,2025-04-08 07:48:54
171,CPOOLUSDT,buy,0.19171,102.45,1718090527303,2230000000272712521,1,2025-04-08 07:48:54
172,CPOOLUSDT,buy,0.1916,70.69,1718090527303,2230000000272712520,1,2025-04-08 07:48:54
173,CPOOLUSDT,buy,0.19157,9.97,1718090527303,2230000000272712519,1,2025-04-08 07:48:54
174,CPOOLUSDT,buy,0.19156,119.43,1718090527303,2230000000272712518,1,2025-04-08 07:48:54
175,CPOOLUSDT,buy,0.11058,510,1720405499431,2230000000296917699,1,2025-04-08 07:48:54
176,CPOOLUSDT,sell,0.15242,133.97,1721187647918,2230000000304351320,1,2025-04-08 07:48:54
177,CPOOLUSDT,buy,0.14901,134.22,1721179881585,2230000000304272713,1,2025-04-08 07:48:54
178,CPOOLUSDT,buy,0.15289,170.06,1721742227346,2230000000309991362,1,2025-04-08 07:48:54
179,CPOOLUSDT,buy,0.15801,20.92,1721722144068,2230000000309694774,1,2025-04-08 07:48:54
180,CPOOLUSDT,buy,0.15801,32.99,1721722142939,2230000000309694772,1,2025-04-08 07:48:54
181,CPOOLUSDT,buy,0.15801,72.67,1721722142203,2230000000309694769,1,2025-04-08 07:48:54
182,CPOOLUSDT,buy,0.16102,8.57,1721721137716,2230000000309685198,1,2025-04-08 07:48:54
183,CPOOLUSDT,buy,0.161,16.32,1721721077157,2230000000309684953,1,2025-04-08 07:48:54
184,CPOOLUSDT,buy,0.161,99.34,1721721077157,2230000000309684952,1,2025-04-08 07:48:54
185,CPOOLUSDT,sell,0.15564,654.75,1722014889185,2230000000312685785,1,2025-04-08 07:48:54
186,CPOOLUSDT,buy,0.09882,60.74,1722658111861,2230000000318256016,1,2025-04-08 07:48:54
187,CPOOLUSDT,buy,0.09882,182.14,1722658111832,2230000000318256015,1,2025-04-08 07:48:54
188,CPOOLUSDT,buy,0.09882,182.14,1722658111827,2230000000318256014,1,2025-04-08 07:48:54
189,CPOOLUSDT,buy,0.09882,182.14,1722658111818,2230000000318256013,1,2025-04-08 07:48:54
190,CPOOLUSDT,buy,0.11645,686.93,1722565870509,2230000000317331331,1,2025-04-08 07:48:54
191,CPOOLUSDT,sell,0.10046,203.45,1723282050331,2230000000325315176,1,2025-04-08 07:48:54
192,CPOOLUSDT,buy,0.09813,63.59,1723274898748,2230000000325265462,1,2025-04-08 07:48:54
193,CPOOLUSDT,buy,0.09813,48.38,1723274898748,2230000000325265461,1,2025-04-08 07:48:54
194,CPOOLUSDT,buy,0.09813,91.85,1723274898748,2230000000325265460,1,2025-04-08 07:48:54
195,CPOOLUSDT,sell,0.13129,583.65,1724689224684,2230000000336262734,1,2025-04-08 07:48:54
196,CPOOLUSDT,sell,0.1313,200,1724689188644,2230000000336262163,1,2025-04-08 07:48:54
197,CPOOLUSDT,sell,0.13131,53.47,1724689188644,2230000000336262162,1,2025-04-08 07:48:54
198,CPOOLUSDT,sell,0.13132,28.27,1724689188644,2230000000336262161,1,2025-04-08 07:48:54
199,CPOOLUSDT,sell,0.13132,56.45,1724689188644,2230000000336262160,1,2025-04-08 07:48:54
200,CPOOLUSDT,sell,0.13163,56.45,1724689188644,2230000000336262159,1,2025-04-08 07:48:54
201,CPOOLUSDT,sell,0.13164,84.72,1724689188644,2230000000336262158,1,2025-04-08 07:48:54
202,CPOOLUSDT,sell,0.12395,873.74,1724473838374,2230000000334338558,1,2025-04-08 07:48:54
203,CPOOLUSDT,sell,0.12395,12.1,1724470392048,2230000000334317214,1,2025-04-08 07:48:54
204,CPOOLUSDT,buy,0.10329,774.51,1725617357648,2230000000343848626,1,2025-04-08 07:48:54
205,CPOOLUSDT,buy,0.102,373.11,1725617061981,2230000000343846836,1,2025-04-08 07:48:54
206,CPOOLUSDT,buy,0.10762,557.51,1725568039176,2230000000343521755,1,2025-04-08 07:48:54
207,CPOOLUSDT,sell,0.1737,45.78,1729580963952,2230000000397119561,1,2025-04-08 07:48:54
208,CPOOLUSDT,sell,0.1737,142.82,1729578610677,2230000000397094803,1,2025-04-08 07:48:54
209,CPOOLUSDT,sell,0.1737,374.22,1729578599391,2230000000397094677,1,2025-04-08 07:48:54
210,CPOOLUSDT,sell,0.17371,55.43,1729578599391,2230000000397094676,1,2025-04-08 07:48:54
211,CPOOLUSDT,sell,0.22989,199.9,1730224377097,2230000000404454160,1,2025-04-08 07:48:54
212,CPOOLUSDT,sell,0.22989,108.58,1730224377093,2230000000404454159,1,2025-04-08 07:48:54
213,CPOOLUSDT,sell,0.22989,39.28,1730224376998,2230000000404454156,1,2025-04-08 07:48:54
214,CPOOLUSDT,sell,0.19533,291.88,1730087902571,2230000000402827111,1,2025-04-08 07:48:54
215,CPOOLUSDT,sell,0.19534,171.8,1730087902571,2230000000402827110,1,2025-04-08 07:48:54
216,CPOOLUSDT,sell,0.48,521.65,1733827578883,2230000000493733391,1,2025-04-08 07:48:54
217,CPOOLUSDT,buy,0.45634,118.39,1734533833104,2230000000511320813,1,2025-04-08 07:48:54
218,CPOOLUSDT,buy,0.45634,13.09,1734433465845,2230000000509421621,1,2025-04-08 07:48:54
219,CPOOLUSDT,sell,0.53182,7.57,1734122653285,2230000000502583804,1,2025-04-08 07:48:54
220,CPOOLUSDT,sell,0.53182,75.43,1734122653082,2230000000502583800,1,2025-04-08 07:48:54
221,CPOOLUSDT,sell,0.53182,177.83,1734122653017,2230000000502583797,1,2025-04-08 07:48:54
222,CPOOLUSDT,sell,0.5,210.9,1734627284643,2230000000514515442,1,2025-04-08 07:48:54
223,CPOOLUSDT,buy,0.25528,66.66,1736770257974,2230000000544036007,1,2025-04-08 07:48:54
224,CPOOLUSDT,buy,0.24614,80,1738517786888,2230000000570281911,1,2025-04-08 07:48:54
225,BTCUSDT,buy,36200,0.002762,1699923562769,2290000000081928220,1,2025-04-08 16:33:58
226,BTCUSDT,buy,36700,0.002724,1699886547157,2290000000081754102,1,2025-04-08 16:33:58
227,BTCUSDT,sell,64839.13,0.000963,1709548835169,2290000000113861445,1,2025-04-08 16:33:58
228,BTCUSDT,sell,108000,0.001401,1737356051788,2290000000629866375,1,2025-04-08 16:33:58
229,BTCUSDT,sell,103163.19,0.004203,1737196193404,2290000000624219881,1,2025-04-08 16:33:58
230,ARBUSDT,sell,1.045,30,1699038392915,2250000000081758721,1,2025-04-08 17:33:08
231,ARBUSDT,buy,1.13,132.74,1699848847055,2250000000084734499,1,2025-04-08 17:33:08
232,ARBUSDT,buy,1.07,74.76,1700215768518,2250000000086087459,1,2025-04-08 17:33:08
233,ARBUSDT,buy,1,100,1701082121919,2250000000089533409,1,2025-04-08 17:33:08
234,ARBUSDT,sell,1.25,31.79,1702423605633,2250000000094504708,1,2025-04-08 17:33:08
235,ARBUSDT,sell,1.175,95.38,1702014754124,2250000000092770715,1,2025-04-08 17:33:08
236,ARBUSDT,buy,1.25,80,1703612489340,2250000000100221742,1,2025-04-08 17:33:08
237,ARBUSDT,sell,1.4,50.1,1703545407822,2250000000099773924,1,2025-04-08 17:33:08
238,ARBUSDT,sell,1.32,100.2,1703242964742,2250000000098226035,1,2025-04-08 17:33:08
239,ARBUSDT,buy,1.621,39.37,1704283945144,2250000000104257797,1,2025-04-08 17:33:08
240,ARBUSDT,sell,1.82,23.97,1704240984978,2250000000103787411,1,2025-04-08 17:33:08
241,ARBUSDT,sell,2.1,42.87,1704388524173,2250000000105616201,1,2025-04-08 17:33:08
242,ARBUSDT,buy,1.585,19.7,1706015928428,2250000000114939004,1,2025-04-08 17:33:08
243,ARBUSDT,sell,1.9,19.68,1706590288062,2250000000116974613,1,2025-04-08 17:33:08
244,ARBUSDT,sell,1.826,43.98,1707232771815,2250000000118979137,1,2025-04-08 17:33:08
245,ARBUSDT,sell,2.053,21.99,1707759797062,2250000000121065853,1,2025-04-08 17:33:08
246,ARBUSDT,buy,1.958,60.59,1708444485132,2250000000125500520,1,2025-04-08 17:33:08
247,ARBUSDT,buy,1.99,64.97,1708114150192,2250000000122790091,1,2025-04-08 17:33:08
248,ARBUSDT,buy,1.751,85.66,1708704293073,2250000000127976115,1,2025-04-08 17:33:08
249,ARBUSDT,sell,2.12,122.03,1709615710197,2250000000137235815,1,2025-04-08 17:33:08
250,ARBUSDT,buy,1.87,70,1709450838959,2250000000135169405,1,2025-04-08 17:33:08
251,ARBUSDT,buy,1.9,82.78,1709450836223,2250000000135166340,1,2025-04-08 17:33:08
252,ARBUSDT,sell,2.06,91.44,1709232024952,2250000000132830103,1,2025-04-08 17:33:08
253,ARBUSDT,sell,2.05,98.47,1709232020340,2250000000132828738,1,2025-04-08 17:33:08
254,ARBUSDT,buy,1.823,82.28,1710493835123,2250000000149682205,1,2025-04-08 17:33:08
255,ARBUSDT,buy,1.093,65.23,1712947456551,2250000000170090978,1,2025-04-08 17:33:08
256,ARBUSDT,buy,0.967,103.41,1715580772131,2250000000187970112,1,2025-04-08 17:33:08
257,ARBUSDT,buy,0.551,90.74,1727818840108,2250000000284973427,1,2025-04-08 17:33:08
258,ARBUSDT,buy,0.504,158.73,1729898552191,2250000000297460603,1,2025-04-08 17:33:08
259,ARBUSDT,buy,0.5,128.09,1729898532577,2250000000297454473,1,2025-04-08 17:33:08
260,ARBUSDT,buy,0.8,187.5,1734630551673,2250000000349241141,1,2025-04-08 17:33:08
261,ARBUSDT,buy,0.725,19,1735569314708,2250000000356863314,1,2025-04-08 17:33:08
262,ARBUSDT,buy,0.725,280.02,1735569314708,2250000000356863313,1,2025-04-08 17:33:08
263,ARBUSDT,buy,0.62,200,1737962384604,2250000000373857244,1,2025-04-08 17:33:08
264,ONDOUSDT,buy,0.65,184.68,1712946759759,2220000000206279167,1,2025-04-09 17:48:20
265,ONDOUSDT,sell,0.83834,24.36,1713764742490,2220000000223677682,1,2025-04-09 17:48:20
266,ONDOUSDT,buy,0.82025,13.26,1713760884411,2220000000223628835,1,2025-04-09 17:48:20
267,ONDOUSDT,buy,0.82025,11.13,1713760884410,2220000000223628834,1,2025-04-09 17:48:20
268,ONDOUSDT,sell,0.82477,24.76,1713652158120,2220000000222313373,1,2025-04-09 17:48:20
269,ONDOUSDT,buy,0.80698,24.79,1713644424962,2220000000222237029,1,2025-04-09 17:48:20
270,ONDOUSDT,sell,0.76221,0.25,1713595168311,2220000000221541195,1,2025-04-09 17:48:20
271,ONDOUSDT,sell,0.76221,15.57,1713595167965,2220000000221541192,1,2025-04-09 17:48:20
272,ONDOUSDT,sell,0.76221,37.76,1713595167962,2220000000221541191,1,2025-04-09 17:48:20
273,ONDOUSDT,buy,0.73916,27.06,1713582297570,2220000000221434639,1,2025-04-09 17:48:20
274,ONDOUSDT,buy,0.7525,26.58,1713579139405,2220000000221402673,1,2025-04-09 17:48:20
275,ONDOUSDT,buy,0.79163,42.7,1715128447981,2220000000241689537,1,2025-04-09 17:48:20
276,ONDOUSDT,buy,0.8394,30.98,1714999418371,2220000000240018725,1,2025-04-09 17:48:20
277,ONDOUSDT,buy,0.86751,23.06,1714991977180,2220000000239860218,1,2025-04-09 17:48:20
278,ONDOUSDT,buy,0.88317,20.86,1714984702468,2220000000239734943,1,2025-04-09 17:48:20
279,ONDOUSDT,buy,0.88309,1.74,1714984702468,2220000000239734942,1,2025-04-09 17:48:20
280,ONDOUSDT,sell,0.83367,48.99,1714923990501,2220000000239071394,1,2025-04-09 17:48:20
281,ONDOUSDT,buy,0.80846,24.74,1714858700060,2220000000238422003,1,2025-04-09 17:48:20
282,ONDOUSDT,buy,0.82305,24.3,1714816224105,2220000000237920616,1,2025-04-09 17:48:20
283,ONDOUSDT,sell,0.82886,24.62,1714752197184,2220000000237244197,1,2025-04-09 17:48:20
284,ONDOUSDT,buy,0.81098,24.65,1714750395967,2220000000237217849,1,2025-04-09 17:48:20
285,ONDOUSDT,sell,0.8,121.71,1714667427259,2220000000236141923,1,2025-04-09 17:48:20
286,ONDOUSDT,sell,0.8,16.67,1714667427249,2220000000236141918,1,2025-04-09 17:48:20
287,ONDOUSDT,buy,0.91722,28.35,1716301109778,2220000000258153599,1,2025-04-09 17:48:20
288,ONDOUSDT,buy,0.94793,21.1,1716253411984,2220000000257124663,1,2025-04-09 17:48:20
289,ONDOUSDT,buy,0.96503,20.73,1716252024611,2220000000257084919,1,2025-04-09 17:48:20
290,ONDOUSDT,sell,0.97254,41.99,1716243824163,2220000000256872790,1,2025-04-09 17:48:20
291,ONDOUSDT,buy,0.94313,21.21,1716239036392,2220000000256694119,1,2025-04-09 17:48:20
292,ONDOUSDT,buy,0.96015,20.83,1716236243119,2220000000256534350,1,2025-04-09 17:48:20
293,ONDOUSDT,sell,1.26528,53.26,1716824784090,2220000000267870247,1,2025-04-09 17:48:20
294,ONDOUSDT,buy,1.20725,21.54,1716793915084,2220000000267203028,1,2025-04-09 17:48:20
295,ONDOUSDT,buy,1.24767,16.03,1716759247416,2220000000266672844,1,2025-04-09 17:48:20
296,ONDOUSDT,buy,1.27018,15.75,1716721606281,2220000000266082880,1,2025-04-09 17:48:20
297,ONDOUSDT,sell,1.13288,36.05,1716583717031,2220000000264200130,1,2025-04-09 17:48:20
298,ONDOUSDT,buy,1.09862,18.21,1716564745111,2220000000263893886,1,2025-04-09 17:48:20
299,ONDOUSDT,buy,1.11845,16.38,1716562876592,2220000000263855823,1,2025-04-09 17:48:20
300,ONDOUSDT,buy,1.11842,1.5,1716562876592,2220000000263855822,1,2025-04-09 17:48:20
301,ONDOUSDT,sell,1.43726,46.17,1717475939683,2220000000279189932,1,2025-04-09 17:48:20
302,ONDOUSDT,buy,0.96922,34.88,1721753514066,2220000000348941386,1,2025-04-09 17:48:20
303,ONDOUSDT,buy,1.02772,25.3,1721686209827,2220000000347708743,1,2025-04-09 17:48:20
304,ONDOUSDT,buy,1.06213,18.84,1721626342222,2220000000346790278,1,2025-04-09 17:48:20
305,ONDOUSDT,buy,1.08129,18.5,1721596404562,2220000000346269912,1,2025-04-09 17:48:20
306,ONDOUSDT,sell,1.08421,62.16,1721593315789,2220000000346172223,1,2025-04-09 17:48:20
307,ONDOUSDT,buy,1.03448,8.72,1721585462897,2220000000345877371,1,2025-04-09 17:48:20
308,ONDOUSDT,buy,1.03448,16.42,1721585462891,2220000000345877369,1,2025-04-09 17:48:20
309,ONDOUSDT,buy,1.06911,18.71,1721544534943,2220000000345049286,1,2025-04-09 17:48:20
310,ONDOUSDT,buy,1.08829,15.99,1721534137742,2220000000344907157,1,2025-04-09 17:48:20
311,ONDOUSDT,buy,1.08829,2.39,1721534137083,2220000000344907156,1,2025-04-09 17:48:20
312,ONDOUSDT,sell,1.04617,97.42,1722237593875,2220000000357211701,1,2025-04-09 17:48:20
313,ONDOUSDT,buy,0.78,150,1722647156310,2220000000365329190,1,2025-04-09 17:48:20
314,ONDOUSDT,buy,0.6649,30.08,1724247246719,2220000000394635465,1,2025-04-09 17:48:20
315,ONDOUSDT,buy,0.67636,29.57,1724222952565,2220000000394388286,1,2025-04-09 17:48:20
316,ONDOUSDT,sell,0.75382,27.11,1724623840515,2220000000401115819,1,2025-04-09 17:48:20
317,ONDOUSDT,buy,0.73638,24.15,1724587094518,2220000000400530882,1,2025-04-09 17:48:20
318,ONDOUSDT,buy,0.73638,3.01,1724587094518,2220000000400530881,1,2025-04-09 17:48:20
319,ONDOUSDT,buy,0.59773,200,1730641418818,2220000000465155208,1,2025-04-09 17:48:20
320,ONDOUSDT,buy,1.00132,19.98,1732102550092,2220000000491728203,1,2025-04-09 17:48:20
321,ONDOUSDT,buy,1.01681,29.51,1732100785377,2220000000491696174,1,2025-04-09 17:48:20
322,ONDOUSDT,sell,1.02081,82.12,1732093017944,2220000000491574948,1,2025-04-09 17:48:20
323,ONDOUSDT,buy,0.96628,32.71,1732072892669,2220000000491305828,1,2025-04-09 17:48:20
324,ONDOUSDT,buy,1.00054,19.99,1732048950715,2220000000490916321,1,2025-04-09 17:48:20
325,ONDOUSDT,buy,1.01679,28.01,1732042000789,2220000000490800090,1,2025-04-09 17:48:20
326,ONDOUSDT,buy,1.01679,1.5,1732042000761,2220000000490800086,1,2025-04-09 17:48:20
327,ONDOUSDT,sell,1.03822,42.89,1732038408078,2220000000490729912,1,2025-04-09 17:48:20
328,ONDOUSDT,sell,1.03826,1.5,1732038408078,2220000000490729911,1,2025-04-09 17:48:20
329,ONDOUSDT,sell,1.03838,5.1,1732038408078,2220000000490729910,1,2025-04-09 17:48:20
330,ONDOUSDT,buy,0.99951,20.01,1732024839070,2220000000490494898,1,2025-04-09 17:48:20
331,ONDOUSDT,buy,1.01499,26.56,1732023683859,2220000000490466526,1,2025-04-09 17:48:20
332,ONDOUSDT,buy,1.01493,1.5,1732023683859,2220000000490466525,1,2025-04-09 17:48:20
333,ONDOUSDT,buy,1.01483,1.5,1732023683859,2220000000490466524,1,2025-04-09 17:48:20
334,ONDOUSDT,sell,1.03,139.86,1731974268142,2220000000489705298,1,2025-04-09 17:48:20
335,ONDOUSDT,buy,1.00573,31.42,1732547411167,2220000000502498181,1,2025-04-09 17:48:20
336,ONDOUSDT,buy,1.04139,19.21,1732540870064,2220000000502211522,1,2025-04-09 17:48:20
337,ONDOUSDT,buy,1.0575,28.37,1732516883487,2220000000501488029,1,2025-04-09 17:48:20
338,ONDOUSDT,sell,1.09137,28.52,1732508118148,2220000000501305233,1,2025-04-09 17:48:20
339,ONDOUSDT,buy,1.0509,28.55,1732497994281,2220000000501090068,1,2025-04-09 17:48:20
340,ONDOUSDT,sell,1.05606,128.65,1732487205005,2220000000500778970,1,2025-04-09 17:48:20
341,ONDOUSDT,buy,0.96122,51.95,1732452250254,2220000000499744225,1,2025-04-09 17:48:20
342,ONDOUSDT,buy,1.0338,30.57,1732392900069,2220000000498158472,1,2025-04-09 17:48:20
343,ONDOUSDT,buy,1.07045,18.69,1732378676035,2220000000497513086,1,2025-04-09 17:48:20
344,ONDOUSDT,buy,1.08701,27.6,1732377095291,2220000000497434146,1,2025-04-09 17:48:20
345,ONDOUSDT,sell,1.05829,23.36,1732345325591,2220000000496612307,1,2025-04-09 17:48:20
346,ONDOUSDT,sell,1.05834,1.5,1732345325591,2220000000496612306,1,2025-04-09 17:48:20
347,ONDOUSDT,sell,1.05845,1.5,1732345325591,2220000000496612305,1,2025-04-09 17:48:20
348,ONDOUSDT,sell,1.05846,10.06,1732345325591,2220000000496612304,1,2025-04-09 17:48:20
349,ONDOUSDT,sell,1.05847,11,1732345325591,2220000000496612303,1,2025-04-09 17:48:20
350,ONDOUSDT,sell,1.05856,1.5,1732345325591,2220000000496612302,1,2025-04-09 17:48:20
351,ONDOUSDT,buy,1.01144,19.78,1732330295519,2220000000496289706,1,2025-04-09 17:48:20
352,ONDOUSDT,buy,1.02791,29.19,1732328555829,2220000000496243336,1,2025-04-09 17:48:20
353,ONDOUSDT,sell,1.02893,44.46,1732319352042,2220000000495968513,1,2025-04-09 17:48:20
354,ONDOUSDT,sell,1.02901,38.44,1732319352042,2220000000495968512,1,2025-04-09 17:48:20
355,ONDOUSDT,buy,0.95726,33.02,1732282077173,2220000000495279573,1,2025-04-09 17:48:20
356,ONDOUSDT,buy,0.9912,20.18,1732236383052,2220000000494428746,1,2025-04-09 17:48:20
357,ONDOUSDT,buy,1.00653,29.81,1732222051290,2220000000494216113,1,2025-04-09 17:48:20
358,ONDOUSDT,sell,1.02247,14.09,1732215947090,2220000000494096631,1,2025-04-09 17:48:20
359,ONDOUSDT,sell,1.0225,15.89,1732215947090,2220000000494096630,1,2025-04-09 17:48:20
360,ONDOUSDT,sell,1.0225,15.98,1732215947090,2220000000494096629,1,2025-04-09 17:48:20
361,ONDOUSDT,sell,1.02258,4.33,1732215947090,2220000000494096628,1,2025-04-09 17:48:20
362,ONDOUSDT,buy,1.75428,18.02,1733314775078,2220000000523258714,1,2025-04-09 17:48:20
363,ONDOUSDT,buy,1.81648,11.02,1733292835121,2220000000522453503,1,2025-04-09 17:48:20
364,ONDOUSDT,buy,1.84605,16.26,1733291318359,2220000000522410886,1,2025-04-09 17:48:20
365,ONDOUSDT,sell,1.71668,18.33,1733270806327,2220000000521719833,1,2025-04-09 17:48:20
366,ONDOUSDT,buy,1.63518,18.35,1733268764203,2220000000521648003,1,2025-04-09 17:48:20
367,ONDOUSDT,sell,1.71055,30.09,1733267016771,2220000000521587559,1,2025-04-09 17:48:20
368,ONDOUSDT,buy,1.64389,12.17,1733246403823,2220000000520953255,1,2025-04-09 17:48:20
369,ONDOUSDT,buy,1.67065,17.96,1733245370610,2220000000520910192,1,2025-04-09 17:48:20
370,ONDOUSDT,sell,1.64676,11.5,1733236810802,2220000000520363692,1,2025-04-09 17:48:20
371,ONDOUSDT,sell,1.64677,1.5,1733236810802,2220000000520363691,1,2025-04-09 17:48:20
372,ONDOUSDT,sell,1.6469,5.78,1733236810802,2220000000520363690,1,2025-04-09 17:48:20
373,ONDOUSDT,buy,1.59657,18.8,1733236615098,2220000000520334108,1,2025-04-09 17:48:20
374,ONDOUSDT,sell,1.65172,50.76,1733235002868,2220000000520156070,1,2025-04-09 17:48:20
375,ONDOUSDT,buy,1.56337,20.22,1733233991972,2220000000519974916,1,2025-04-09 17:48:20
376,ONDOUSDT,buy,1.6188,12.36,1733232914164,2220000000519856856,1,2025-04-09 17:48:20
377,ONDOUSDT,buy,1.64384,18.25,1733227593609,2220000000519636702,1,2025-04-09 17:48:20
378,ONDOUSDT,sell,1.68913,30.61,1733212776015,2220000000518945332,1,2025-04-09 17:48:20
379,ONDOUSDT,buy,1.61451,12.39,1733202597962,2220000000518495779,1,2025-04-09 17:48:20
380,ONDOUSDT,buy,1.63948,18.27,1733201792548,2220000000518465432,1,2025-04-09 17:48:20
381,ONDOUSDT,sell,1.26833,40.75,1733171164847,2220000000517248408,1,2025-04-09 17:48:20
382,ONDOUSDT,buy,1.21382,16.48,1733157641071,2220000000516877206,1,2025-04-09 17:48:20
383,ONDOUSDT,buy,1.23358,24.32,1733157147621,2220000000516855651,1,2025-04-09 17:48:20
384,ONDOUSDT,sell,1.27152,65.94,1733150059805,2220000000516597004,1,2025-04-09 17:48:20
385,ONDOUSDT,buy,1.20342,26.26,1733112489856,2220000000515476869,1,2025-04-09 17:48:20
386,ONDOUSDT,buy,1.24609,16.06,1733111383210,2220000000515397544,1,2025-04-09 17:48:20
387,ONDOUSDT,buy,1.26638,23.69,1733098312257,2220000000515062867,1,2025-04-09 17:48:20
388,ONDOUSDT,sell,1.27564,24.19,1733093473454,2220000000514949737,1,2025-04-09 17:48:20
389,ONDOUSDT,buy,1.23914,24.22,1733028993714,2220000000513575705,1,2025-04-09 17:48:20
390,ONDOUSDT,sell,1.27775,17.33,1733012971858,2220000000513122507,1,2025-04-09 17:48:20
391,ONDOUSDT,sell,1.27779,1.5,1733012971858,2220000000513122506,1,2025-04-09 17:48:20
392,ONDOUSDT,sell,1.27785,5.32,1733012971858,2220000000513122505,1,2025-04-09 17:48:20
393,ONDOUSDT,buy,1.24005,24.2,1732984345501,2220000000512455753,1,2025-04-09 17:48:20
394,ONDOUSDT,sell,1.26373,24.57,1732974702157,2220000000512188497,1,2025-04-09 17:48:20
395,ONDOUSDT,buy,1.21828,24.62,1732967793739,2220000000512043300,1,2025-04-09 17:48:20
396,ONDOUSDT,sell,1.26807,8.87,1732961717828,2220000000511858350,1,2025-04-09 17:48:20
397,ONDOUSDT,sell,1.26807,32.68,1732961717828,2220000000511858349,1,2025-04-09 17:48:20
398,ONDOUSDT,buy,1.19063,16.8,1732944591593,2220000000511451962,1,2025-04-09 17:48:20
399,ONDOUSDT,buy,1.20905,24.82,1732942594035,2220000000511415408,1,2025-04-09 17:48:20
400,ONDOUSDT,sell,1.21577,25.69,1732931019195,2220000000511098119,1,2025-04-09 17:48:20
401,ONDOUSDT,buy,1.16645,25.72,1732922811161,2220000000510924565,1,2025-04-09 17:48:20
402,ONDOUSDT,sell,1.12768,13.17,1732885207983,2220000000510222420,1,2025-04-09 17:48:20
403,ONDOUSDT,sell,1.12769,32.57,1732885207983,2220000000510222419,1,2025-04-09 17:48:20
404,ONDOUSDT,buy,1.0817,18.49,1732840283220,2220000000509512575,1,2025-04-09 17:48:20
405,ONDOUSDT,buy,1.09843,27.32,1732837654908,2220000000509443897,1,2025-04-09 17:48:20
406,ONDOUSDT,sell,1.11411,7.6,1732834829323,2220000000509394086,1,2025-04-09 17:48:20
407,ONDOUSDT,sell,1.11413,8.96,1732834829323,2220000000509394085,1,2025-04-09 17:48:20
408,ONDOUSDT,sell,1.11415,11.14,1732834829323,2220000000509394084,1,2025-04-09 17:48:20
409,ONDOUSDT,buy,1.08223,27.73,1732825095568,2220000000509242516,1,2025-04-09 17:48:20
410,ONDOUSDT,sell,1.09723,28.13,1732821684660,2220000000509191835,1,2025-04-09 17:48:20
411,ONDOUSDT,sell,1.72474,54.04,1733907997989,2220000000542551297,1,2025-04-09 17:48:20
412,ONDOUSDT,buy,1.65228,30.27,1733877670737,2220000000541919251,1,2025-04-09 17:48:20
413,ONDOUSDT,buy,1.67918,23.83,1733876796541,2220000000541895853,1,2025-04-09 17:48:20
414,ONDOUSDT,sell,1.60782,20.21,1733862700735,2220000000541576133,1,2025-04-09 17:48:20
415,ONDOUSDT,sell,1.60792,85.19,1733862700735,2220000000541576132,1,2025-04-09 17:48:20
416,ONDOUSDT,buy,1.5289,49.06,1733847023385,2220000000540881170,1,2025-04-09 17:48:20
417,ONDOUSDT,buy,1.58311,31.59,1733845092222,2220000000540692602,1,2025-04-09 17:48:20
418,ONDOUSDT,buy,1.60759,24.88,1733844756497,2220000000540674720,1,2025-04-09 17:48:20
419,ONDOUSDT,sell,1.62047,57.17,1733839744703,2220000000540441150,1,2025-04-09 17:48:20
420,ONDOUSDT,buy,1.56146,32.03,1733834265423,2220000000540228582,1,2025-04-09 17:48:20
421,ONDOUSDT,buy,1.58561,25.22,1733833055916,2220000000540174441,1,2025-04-09 17:48:20
422,ONDOUSDT,sell,1.63389,25.15,1733821434706,2220000000539870635,1,2025-04-09 17:48:20
423,ONDOUSDT,buy,1.58758,25.2,1733818895548,2220000000539811274,1,2025-04-09 17:48:20
424,ONDOUSDT,sell,1.54861,56.21,1733805510833,2220000000539401810,1,2025-04-09 17:48:20
425,ONDOUSDT,buy,1.41161,22.39,1733800444557,2220000000539147278,1,2025-04-09 17:48:20
426,ONDOUSDT,buy,1.46166,11.99,1733794570214,2220000000538931107,1,2025-04-09 17:48:20
427,ONDOUSDT,buy,1.46166,1.7,1733794570214,2220000000538931106,1,2025-04-09 17:48:20
428,ONDOUSDT,buy,1.48427,20.21,1733793093176,2220000000538881057,1,2025-04-09 17:48:20
429,ONDOUSDT,sell,1.53742,18.54,1733791122005,2220000000538801461,1,2025-04-09 17:48:20
430,ONDOUSDT,sell,1.53754,1.5,1733791122005,2220000000538801460,1,2025-04-09 17:48:20
431,ONDOUSDT,buy,1.49295,20.08,1733789254345,2220000000538694472,1,2025-04-09 17:48:20
432,ONDOUSDT,sell,1.47668,56.99,1733783408448,2220000000538415883,1,2025-04-09 17:48:20
433,ONDOUSDT,buy,1.39257,22.7,1733782960599,2220000000538364937,1,2025-04-09 17:48:20
434,ONDOUSDT,buy,1.44195,13.88,1733782832272,2220000000538340818,1,2025-04-09 17:48:20
435,ONDOUSDT,buy,1.46425,20.49,1733782667909,2220000000538316623,1,2025-04-09 17:48:20
436,ONDOUSDT,sell,1.5778,130.32,1733780364489,2220000000538067684,1,2025-04-09 17:48:20
437,ONDOUSDT,sell,1.57781,7.84,1733780364489,2220000000538067683,1,2025-04-09 17:48:20
438,ONDOUSDT,buy,1.33179,59.24,1733778294549,2220000000537745888,1,2025-04-09 17:48:20
439,ONDOUSDT,buy,1.56589,31.89,1733728802599,2220000000535779021,1,2025-04-09 17:48:20
440,ONDOUSDT,buy,1.68412,18.77,1733430667267,2220000000528621946,1,2025-04-09 17:48:20
441,ONDOUSDT,buy,1.95835,38.3,1734397142394,2220000000553747640,1,2025-04-09 17:48:20
442,ONDOUSDT,buy,2.02779,24.66,1734343110343,2220000000552461849,1,2025-04-09 17:48:20
443,ONDOUSDT,buy,2.05915,19.43,1734337054292,2220000000552346631,1,2025-04-09 17:48:20
444,ONDOUSDT,sell,2.09895,8.8,1734329006658,2220000000552222045,1,2025-04-09 17:48:20
445,ONDOUSDT,sell,2.09897,35.31,1734329006658,2220000000552222044,1,2025-04-09 17:48:20
446,ONDOUSDT,buy,2.02411,24.71,1734317405860,2220000000552001949,1,2025-04-09 17:48:20
447,ONDOUSDT,buy,2.05706,19.45,1734315692560,2220000000551957852,1,2025-04-09 17:48:20
448,ONDOUSDT,sell,1.96988,2.19,1734303176340,2220000000551525885,1,2025-04-09 17:48:20
449,ONDOUSDT,sell,1.96989,85,1734303176340,2220000000551525884,1,2025-04-09 17:48:20
450,ONDOUSDT,buy,1.84855,40.58,1734181209852,2220000000549122407,1,2025-04-09 17:48:20
451,ONDOUSDT,buy,1.91409,26.13,1734151060137,2220000000548588769,1,2025-04-09 17:48:20
452,ONDOUSDT,buy,1.94525,20.57,1734143567443,2220000000548496866,1,2025-04-09 17:48:20
453,ONDOUSDT,sell,1.98316,14.42,1734139093753,2220000000548394754,1,2025-04-09 17:48:20
454,ONDOUSDT,sell,1.98337,1,1734139093753,2220000000548394753,1,2025-04-09 17:48:20
455,ONDOUSDT,sell,1.9834,5.37,1734139093753,2220000000548394752,1,2025-04-09 17:48:20
456,ONDOUSDT,buy,1.92137,20.82,1734137813427,2220000000548359246,1,2025-04-09 17:48:20
457,ONDOUSDT,sell,1.98188,3.55,1734134455105,2220000000548291329,1,2025-04-09 17:48:20
458,ONDOUSDT,sell,1.98189,17.3,1734134455105,2220000000548291328,1,2025-04-09 17:48:20
459,ONDOUSDT,buy,1.91647,20.88,1734115896164,2220000000547990348,1,2025-04-09 17:48:20
460,ONDOUSDT,sell,1.96698,20.92,1734107716350,2220000000547778733,1,2025-04-09 17:48:20
461,ONDOUSDT,buy,1.90954,20.95,1734105815412,2220000000547712334,1,2025-04-09 17:48:20
462,ONDOUSDT,sell,1.88153,6.29,1734087069520,2220000000547204845,1,2025-04-09 17:48:20
463,ONDOUSDT,sell,1.88167,28.92,1734087069520,2220000000547204844,1,2025-04-09 17:48:20
464,ONDOUSDT,sell,1.8817,1.5,1734087069520,2220000000547204843,1,2025-04-09 17:48:20
465,ONDOUSDT,sell,1.8818,4.48,1734087069520,2220000000547204842,1,2025-04-09 17:48:20
466,ONDOUSDT,sell,1.8822,8.19,1734087069520,2220000000547204841,1,2025-04-09 17:48:20
467,ONDOUSDT,buy,1.80824,1.92,1734073472151,2220000000546882155,1,2025-04-09 17:48:20
468,ONDOUSDT,buy,1.80824,25.74,1734073472150,2220000000546882153,1,2025-04-09 17:48:20
469,ONDOUSDT,buy,1.83621,21.79,1734062870780,2220000000546656611,1,2025-04-09 17:48:20
470,ONDOUSDT,sell,1.87648,21.77,1734055446274,2220000000546497273,1,2025-04-09 17:48:20
471,ONDOUSDT,sell,1.87662,1.5,1734055446274,2220000000546497272,1,2025-04-09 17:48:20
472,ONDOUSDT,sell,1.87672,64.06,1734055446274,2220000000546497271,1,2025-04-09 17:48:20
473,ONDOUSDT,sell,1.87678,1.5,1734055446274,2220000000546497270,1,2025-04-09 17:48:20
474,ONDOUSDT,sell,1.87681,1.5,1734055446274,2220000000546497269,1,2025-04-09 17:48:20
475,ONDOUSDT,buy,1.78407,42.04,1734031987084,2220000000545860475,1,2025-04-09 17:48:20
476,ONDOUSDT,buy,1.64514,68.39,1734819306715,2220000000565064069,1,2025-04-09 17:48:20
477,ONDOUSDT,buy,1.76936,42.39,1734784533059,2220000000564198283,1,2025-04-09 17:48:20
478,ONDOUSDT,buy,1.83209,27.3,1734770034209,2220000000563912363,1,2025-04-09 17:48:20
479,ONDOUSDT,buy,1.86192,21.49,1734768246175,2220000000563870607,1,2025-04-09 17:48:20
480,ONDOUSDT,sell,1.83774,22.57,1734743674339,2220000000563470831,1,2025-04-09 17:48:20
481,ONDOUSDT,buy,1.76801,22.62,1734739893323,2220000000563398703,1,2025-04-09 17:48:20
482,ONDOUSDT,sell,1.82301,65.93,1734736394005,2220000000563343320,1,2025-04-09 17:48:20
483,ONDOUSDT,sell,1.82311,1.5,1734736394005,2220000000563343319,1,2025-04-09 17:48:20
484,ONDOUSDT,sell,1.82313,79.29,1734736394005,2220000000563343318,1,2025-04-09 17:48:20
485,ONDOUSDT,sell,1.82329,1.51,1734736394005,2220000000563343317,1,2025-04-09 17:48:20
486,ONDOUSDT,sell,1.82331,79.25,1734736394005,2220000000563343316,1,2025-04-09 17:48:20
487,ONDOUSDT,sell,1.82332,25.4,1734736394005,2220000000563343315,1,2025-04-09 17:48:20
488,ONDOUSDT,buy,1.54865,108.97,1734689378162,2220000000561538167,1,2025-04-09 17:48:20
489,ONDOUSDT,buy,1.3992,120.61,1735349044356,2220000000573714620,1,2025-04-09 17:48:20
490,ONDOUSDT,buy,1.55115,18.34,1736063578035,2220000000582145427,1,2025-04-09 17:48:20
491,ONDOUSDT,buy,1.55114,55.58,1736063578035,2220000000582145426,1,2025-04-09 17:48:20
492,ONDOUSDT,buy,1.55114,28.38,1736063578035,2220000000582145425,1,2025-04-09 17:48:20
493,ONDOUSDT,buy,0.93,64.51,1738548452287,2220000000619755935,1,2025-04-09 17:48:20
494,CRVUSDT,buy,0.66,264.95,1711950523253,2210000000258960290,1,2025-04-09 17:49:52
495,CRVUSDT,buy,0.26,192.3,1729557116790,2210000000477251262,1,2025-04-09 17:49:52
496,CRVUSDT,sell,0.9629,106.79,1733231636042,2210000000538905897,1,2025-04-09 17:49:52
497,CRVUSDT,sell,0.6582,350,1732999090455,2210000000531527258,1,2025-04-09 17:49:52
498,CRVUSDT,buy,0.718,173.06,1734689554999,2210000000577829382,1,2025-04-09 17:49:52
499,CRVUSDT,buy,0.7812,115.37,1734683205277,2210000000577404425,1,2025-04-09 17:49:52
500,CRVUSDT,buy,0.85,57.68,1734630780472,2210000000575469685,1,2025-04-09 17:49:52
501,CRVUSDT,buy,0.66,218.4,1738491207246,2210000000627748685,1,2025-04-09 17:49:52
502,CRVUSDT,buy,0.66,12.37,1738491207241,2210000000627748680,1,2025-04-09 17:49:52
503,NEARUSDT,sell,6.1737,3.31,1713647124445,2270000000169417938,1,2025-04-09 17:51:22
504,NEARUSDT,buy,6.0405,3.32,1713638484105,2270000000169365631,1,2025-04-09 17:51:22
505,NEARUSDT,sell,5.8273,7.01,1713627076485,2270000000169239578,1,2025-04-09 17:51:22
506,NEARUSDT,buy,5.651,3.54,1713608161722,2270000000169141258,1,2025-04-09 17:51:22
507,NEARUSDT,buy,5.753,3.48,1713601226504,2270000000169103803,1,2025-04-09 17:51:22
508,NEARUSDT,sell,6.8546,2.54,1714766242145,2270000000178134039,1,2025-04-09 17:51:22
509,NEARUSDT,sell,6.8546,0.44,1714766242075,2270000000178134038,1,2025-04-09 17:51:22
510,NEARUSDT,buy,6.7067,2.99,1714754781993,2270000000178075590,1,2025-04-09 17:51:22
511,NEARUSDT,sell,6.2102,3.29,1714699946717,2270000000177702348,1,2025-04-09 17:51:22
512,NEARUSDT,buy,6.0762,3.3,1714674789244,2270000000177579622,1,2025-04-09 17:51:22
513,NEARUSDT,sell,8.1922,0.36,1716665606973,2270000000192242189,1,2025-04-09 17:51:22
514,NEARUSDT,sell,8.1922,2.13,1716665606973,2270000000192242188,1,2025-04-09 17:51:22
515,NEARUSDT,buy,8.0155,2.5,1716654471265,2270000000192184419,1,2025-04-09 17:51:22
516,NEARUSDT,sell,7.8938,5.18,1716563416106,2270000000191581522,1,2025-04-09 17:51:22
517,NEARUSDT,buy,7.6551,2.62,1716533926077,2270000000191334228,1,2025-04-09 17:51:22
518,NEARUSDT,buy,7.7933,1.94,1716516443826,2270000000191183419,1,2025-04-09 17:51:22
519,NEARUSDT,buy,7.7932,0.63,1716516443826,2270000000191183418,1,2025-04-09 17:51:22
520,NEARUSDT,sell,7.8204,2.61,1716514027629,2270000000191162256,1,2025-04-09 17:51:22
521,NEARUSDT,buy,7.6517,2.62,1716503626843,2270000000191064898,1,2025-04-09 17:51:22
522,NEARUSDT,buy,6.8489,14.04,1717783402478,2270000000200590650,1,2025-04-09 17:51:22
523,NEARUSDT,buy,5.696,13.03,1718376439573,2270000000205600452,1,2025-04-09 17:51:22
524,NEARUSDT,sell,5.2514,3.89,1720911462787,2270000000219917875,1,2025-04-09 17:51:22
525,NEARUSDT,buy,5.1381,3.9,1720907764392,2270000000219892718,1,2025-04-09 17:51:22
526,NEARUSDT,sell,6.3883,10.56,1721406866771,2270000000223297533,1,2025-04-09 17:51:22
527,NEARUSDT,sell,4.6544,2,1724421721436,2270000000241304484,1,2025-04-09 17:51:22
528,NEARUSDT,sell,4.6544,2.39,1724421721335,2270000000241304473,1,2025-04-09 17:51:22
529,NEARUSDT,buy,4.5468,4.07,1724416195360,2270000000241267179,1,2025-04-09 17:51:22
530,NEARUSDT,buy,4.5465,0.33,1724416195360,2270000000241267178,1,2025-04-09 17:51:22
531,NEARUSDT,buy,4.0964,15.1,1730393051061,2270000000272407086,1,2025-04-09 17:51:22
532,NEARUSDT,sell,6.1464,13.63,1731738421061,2270000000287082900,1,2025-04-09 17:51:22
533,NEARUSDT,sell,7.7044,20.45,1733666151266,2270000000318885334,1,2025-04-09 17:51:22
534,NEARUSDT,buy,5.1387,31.25,1734630881429,2270000000332149806,1,2025-04-09 17:51:22
535,NEARUSDT,buy,6.1751,16.82,1734545028448,2270000000330336569,1,2025-04-09 17:51:22
536,NEARUSDT,buy,6.1751,7.45,1734545028448,2270000000330336568,1,2025-04-09 17:51:22
537,NEARUSDT,sell,5.9212,13.51,1736168640911,2270000000357993115,1,2025-04-09 17:51:22
538,NEARUSDT,buy,3.9,34.82,1738516860735,2270000000476978861,1,2025-04-09 17:51:22
539,LINKUSDT,sell,17.7086,5.296,1706993069353,2200000000112281835,1,2025-04-09 17:52:48
540,LINKUSDT,sell,18.3966,2.301,1706898802794,2200000000112021964,1,2025-04-09 17:52:48
541,LINKUSDT,sell,18.3981,9.192,1706898802794,2200000000112021963,1,2025-04-09 17:52:48
542,LINKUSDT,sell,18.3982,1.536,1706898802794,2200000000112021962,1,2025-04-09 17:52:48
543,LINKUSDT,sell,18.3986,0.717,1706898802794,2200000000112021961,1,2025-04-09 17:52:48
544,LINKUSDT,sell,18.3987,1.999,1706898802794,2200000000112021960,1,2025-04-09 17:52:48
545,LINKUSDT,sell,18.3988,1.908,1706898802794,2200000000112021959,1,2025-04-09 17:52:48
546,LINKUSDT,buy,18.9927,6.245,1708444439908,2200000000118124828,1,2025-04-09 17:52:48
547,LINKUSDT,sell,21.4371,1.754,1709362873432,2200000000127214400,1,2025-04-09 17:52:48
548,LINKUSDT,sell,21.4393,7.544,1709362873432,2200000000127214399,1,2025-04-09 17:52:48
549,LINKUSDT,sell,19.8341,1.637,1709288029375,2200000000126007057,1,2025-04-09 17:52:48
550,LINKUSDT,sell,19.835,1.341,1709288029375,2200000000126007056,1,2025-04-09 17:52:48
551,LINKUSDT,buy,19.7463,2.245,1709268875976,2200000000125826968,1,2025-04-09 17:52:48
552,LINKUSDT,buy,19.7463,0.324,1709268871932,2200000000125826834,1,2025-04-09 17:52:48
553,LINKUSDT,buy,19.7463,0.137,1709268871450,2200000000125826830,1,2025-04-09 17:52:48
554,LINKUSDT,buy,19.7463,0.275,1709268871310,2200000000125826825,1,2025-04-09 17:52:48
555,LINKUSDT,buy,18.1663,5.504,1710655585773,2200000000149607652,1,2025-04-09 17:52:48
556,LINKUSDT,sell,21.8,5.593,1710418241175,2200000000145718601,1,2025-04-09 17:52:48
557,LINKUSDT,sell,13.5313,12.801,1713109920976,2200000000175824098,1,2025-04-09 17:52:48
558,LINKUSDT,buy,17.6792,0.445,1717488713901,2200000000206054407,1,2025-04-09 17:52:48
559,LINKUSDT,buy,17.6791,0.251,1717488713901,2200000000206054406,1,2025-04-09 17:52:48
560,LINKUSDT,buy,17.6789,0.251,1717488713901,2200000000206054405,1,2025-04-09 17:52:48
561,LINKUSDT,buy,17.6787,0.251,1717488713901,2200000000206054404,1,2025-04-09 17:52:48
562,LINKUSDT,buy,17.6785,0.251,1717488713901,2200000000206054403,1,2025-04-09 17:52:48
563,LINKUSDT,buy,17.6783,0.251,1717488713901,2200000000206054402,1,2025-04-09 17:52:48
564,LINKUSDT,buy,17.6783,0.167,1717488713901,2200000000206054401,1,2025-04-09 17:52:48
565,LINKUSDT,buy,17.6781,0.251,1717488713901,2200000000206054400,1,2025-04-09 17:52:48
566,LINKUSDT,buy,17.6779,0.251,1717488713901,2200000000206054399,1,2025-04-09 17:52:48
567,LINKUSDT,buy,17.6777,0.251,1717488713901,2200000000206054398,1,2025-04-09 17:52:48
568,LINKUSDT,buy,17.6775,0.251,1717488713901,2200000000206054397,1,2025-04-09 17:52:48
569,LINKUSDT,buy,17.6773,0.251,1717488713901,2200000000206054396,1,2025-04-09 17:52:48
570,LINKUSDT,buy,17.6771,0.251,1717488713901,2200000000206054395,1,2025-04-09 17:52:48
571,LINKUSDT,buy,17.6769,0.251,1717488713901,2200000000206054394,1,2025-04-09 17:52:48
572,LINKUSDT,buy,17.6767,0.251,1717488713901,2200000000206054393,1,2025-04-09 17:52:48
573,LINKUSDT,buy,17.6765,0.251,1717488713901,2200000000206054392,1,2025-04-09 17:52:48
574,LINKUSDT,buy,17.6765,0.167,1717488713901,2200000000206054391,1,2025-04-09 17:52:48
575,LINKUSDT,buy,17.6763,0.251,1717488713901,2200000000206054390,1,2025-04-09 17:52:48
576,LINKUSDT,buy,17.6761,0.251,1717488713901,2200000000206054389,1,2025-04-09 17:52:48
577,LINKUSDT,buy,17.6759,0.251,1717488713901,2200000000206054388,1,2025-04-09 17:52:48
578,LINKUSDT,buy,17.6757,0.251,1717488713901,2200000000206054387,1,2025-04-09 17:52:48
579,LINKUSDT,buy,17.6755,0.251,1717488713901,2200000000206054386,1,2025-04-09 17:52:48
580,LINKUSDT,buy,13.5336,2.467,1719090399266,2200000000218199062,1,2025-04-09 17:52:48
581,LINKUSDT,buy,13.5335,4.921,1719090399266,2200000000218199061,1,2025-04-09 17:52:48
582,LINKUSDT,sell,11.2886,6.014,1724296968964,2200000000252268929,1,2025-04-09 17:52:48
583,LINKUSDT,buy,10.603,4.715,1728626840501,2200000000275319014,1,2025-04-09 17:52:48
584,LINKUSDT,sell,18.25,1.058,1732378384311,2200000000380097494,1,2025-04-09 17:52:48
585,LINKUSDT,sell,16,0.529,1732317297891,2200000000376368055,1,2025-04-09 17:52:48
586,LINKUSDT,sell,22.75,2.117,1733162835140,2200000000426315667,1,2025-04-09 17:52:48
587,LINKUSDT,sell,20.5,1.587,1733133125046,2200000000423515020,1,2025-04-09 17:52:48
588,LINKUSDT,sell,29.5,5.295,1734048421634,2200000000493497405,1,2025-04-09 17:52:48
589,LINKUSDT,buy,17,2.784,1738547733661,2200000000693860698,1,2025-04-09 17:52:48
590,LINKUSDT,buy,17,1.921,1738547733660,2200000000693860697,1,2025-04-09 17:52:48
591,APTUSDT,buy,17,13.71,1711658820264,2260000000216557171,1,2025-04-09 17:54:28
592,APTUSDT,buy,13.6127,7.34,1712464471441,2260000000223866568,1,2025-04-09 17:54:28
593,APTUSDT,buy,9.6225,2.38,1712952018225,2260000000231215014,1,2025-04-09 17:54:28
594,APTUSDT,buy,9.6221,6.96,1712952018225,2260000000231215013,1,2025-04-09 17:54:28
595,APTUSDT,buy,9.6219,0.44,1712952018225,2260000000231215012,1,2025-04-09 17:54:28
596,APTUSDT,buy,9.6219,0.6,1712952018225,2260000000231215011,1,2025-04-09 17:54:28
597,APTUSDT,buy,6.9621,11.49,1718701059107,2260000000380801810,1,2025-04-09 17:54:28
598,ETHUSDT,buy,1800,0.08513,1741654255781,2280000001043997276,1,2025-07-18 16:54:19
604,MNTUSDT,buy,0.791,120,1740466949036,2280000001022963501,1,2025-07-18 17:21:35
605,PENDLEUSDT,buy,2.3394,24.73,1706416290705,2280000000184011406,1,2025-07-18 17:43:23
606,PENDLEUSDT,buy,1.9709,21.28,1706016023742,2280000000179992501,1,2025-07-18 17:43:23
607,PENDLEUSDT,buy,2.1,18.34,1705928175425,2280000000178714386,1,2025-07-18 17:43:23
608,PENDLEUSDT,sell,2.8,19.79,1706853024292,2280000000188261319,1,2025-07-18 17:43:23
609,PENDLEUSDT,sell,2.75,22.24,1706614426692,2280000000185766255,1,2025-07-18 17:43:23
610,PENDLEUSDT,buy,3.2416,20.08,1707336442536,2280000000191767166,1,2025-07-18 17:43:23
611,PENDLEUSDT,buy,2.8,28.57,1708354278112,2280000000204978505,1,2025-07-18 17:43:23
612,PENDLEUSDT,buy,2.7,24.51,1710445429595,2280000000259691486,1,2025-07-18 17:43:23
613,PENDLEUSDT,buy,2.7537,54.32,1710442333085,2280000000259490106,1,2025-07-18 17:43:23
614,PENDLEUSDT,sell,3.4693,32.97,1711163564840,2280000000282460838,1,2025-07-18 17:43:23
615,PENDLEUSDT,sell,3.5,17.71,1711161507509,2280000000282429441,1,2025-07-18 17:43:23
616,PENDLEUSDT,sell,2.983,0.01,1711114681022,2280000000281284098,1,2025-07-18 17:43:23
617,PENDLEUSDT,sell,2.983,65.93,1711114681021,2280000000281284097,1,2025-07-18 17:43:23
618,PENDLEUSDT,buy,5.4385,0.43,1717847643819,2280000000426725239,1,2025-07-18 17:43:23
619,PENDLEUSDT,buy,5.4385,21.63,1717847643117,2280000000426725052,1,2025-07-18 17:43:23
620,PENDLEUSDT,sell,6.1742,0.01,1719039929209,2280000000458949438,1,2025-07-18 17:43:23
621,PENDLEUSDT,sell,6.1742,21.66,1719039921864,2280000000458949326,1,2025-07-18 17:43:23
622,PENDLEUSDT,sell,6.1746,3.96,1719039921851,2280000000458949325,1,2025-07-18 17:43:23
623,PENDLEUSDT,buy,5.2741,12.93,1719511328129,2280000000469953553,1,2025-07-18 17:43:23
624,PENDLEUSDT,buy,5.274,1.29,1719511328129,2280000000469953552,1,2025-07-18 17:43:23
625,PENDLEUSDT,buy,5.2727,0.94,1719511328129,2280000000469953551,1,2025-07-18 17:43:23
626,PENDLEUSDT,buy,1.9074,0.01,1722862805762,2280000000555789554,1,2025-07-18 17:43:23
627,PENDLEUSDT,buy,1.9074,41.93,1722862805760,2280000000555789552,1,2025-07-18 17:43:23
628,PENDLEUSDT,sell,5.6,30,1732893220534,2280000000797545123,1,2025-07-18 17:43:23
629,PENDLEUSDT,buy,4.433,13.53,1734686653049,2280000000872572260,1,2025-07-18 17:43:23
630,PENDLEUSDT,buy,4.161,26.49,1736362508764,2280000000916965405,1,2025-07-18 17:43:23
631,PENDLEUSDT,buy,4.161,3.51,1736362507074,2280000000916965281,1,2025-07-18 17:43:23
633,PYTHUSDT,buy,0.21,349.97,1740435013362,2220000000646217258,1,2025-07-19 06:47:56
634,PYTHUSDT,buy,0.1696,82.73,1741054684285,2220000000651724809,1,2025-07-19 06:47:56
635,PYTHUSDT,buy,0.1696,815.32,1741054684285,2220000000651724808,1,2025-07-19 06:47:56
636,PYTHUSDT,sell,0.1596,1377.45,1745898331296,2220000000688430040,1,2025-07-19 06:47:56
637,PYTHUSDT,buy,0.122,983.6,1748566719806,2220000000711790856,1,2025-07-19 06:47:56
640,BLURUSDT,buy,0.13,615.38,1738960682608,2250000000381706770,1,2025-09-21 16:43:15
641,BLURUSDT,buy,0.1035,505.71,1743269799459,2250000000398887332,1,2025-09-21 16:43:15
642,BLURUSDT,buy,0.08514,939.62,1754624734474,2250000000443066673,1,2025-09-21 16:43:15
643,BLURUSDT,buy,0.08063,990.71,1755206498477,2250000000445528233,1,2025-09-21 16:43:15
644,ARUSDT,buy,26.4931,1.8,1719163869809,2230000000285346786,1,2025-09-21 16:54:13
645,ARUSDT,buy,26.4931,0.08,1719163869809,2230000000285346785,1,2025-09-21 16:54:13
646,ARUSDT,buy,23.4144,1.96,1720122719685,2230000000293751193,1,2025-09-21 16:54:13
647,ARUSDT,buy,23.4144,1.02,1720122716643,2230000000293751168,1,2025-09-21 16:54:13
648,ARUSDT,buy,25.9766,1.92,1722581313025,2230000000317467929,1,2025-09-21 16:54:13
649,ARUSDT,buy,20.1266,0.12,1723411437809,2230000000326336694,1,2025-09-21 16:54:13
650,ARUSDT,sell,22.6789,0.16,1724161218054,2230000000331852061,1,2025-09-21 16:54:13
651,ARUSDT,sell,22.6792,0.4,1724161218054,2230000000331852060,1,2025-09-21 16:54:13
652,ARUSDT,sell,22.6792,0.4,1724161218054,2230000000331852059,1,2025-09-21 16:54:13
653,ARUSDT,sell,22.6792,0.4,1724161218054,2230000000331852058,1,2025-09-21 16:54:13
654,ARUSDT,sell,22.6792,0.4,1724161218054,2230000000331852057,1,2025-09-21 16:54:13
655,ARUSDT,buy,21.2722,2.82,1725029997408,2230000000339535767,1,2025-09-21 16:54:13
656,ARUSDT,buy,16,5,1729960866536,2230000000401824219,1,2025-09-21 16:54:13
657,ARUSDT,sell,26,1.41,1733003410923,2230000000463176518,1,2025-09-21 16:54:13
658,ARUSDT,buy,16,2.33,1736317732501,2230000000539134647,1,2025-09-21 16:54:13
659,MNTUSDT,sell,1.2429,5,1755836620134,2280000001287484531,1,2025-09-21 16:56:59
660,MNTUSDT,sell,1.5993,61.37,1757566329987,2280000001326111207,1,2025-09-21 16:56:59
661,REDUSDT,buy,0.515,142.25,1741527854152,2270000000594470254,1,2025-09-21 17:06:08
662,REDUSDT,buy,0.6213,47.08,1741335115245,2270000000587684536,1,2025-09-21 17:06:08
663,REDUSDT,sell,0.7153,304.8,1742203693034,2270000000614871508,1,2025-09-21 17:06:08
664,REDUSDT,sell,0.7154,42.15,1742203693034,2270000000614871507,1,2025-09-21 17:06:08
665,REDUSDT,sell,0.7155,42.15,1742203693034,2270000000614871506,1,2025-09-21 17:06:08
666,REDUSDT,buy,0.65,170.59,1742492897461,2270000000625353802,1,2025-09-21 17:06:08
667,REDUSDT,buy,0.55,171.4,1743136870793,2270000000645920283,1,2025-09-21 17:06:08
668,REDUSDT,buy,0.342,120.34,1749279873397,2270000000902246623,1,2025-09-21 17:06:08
669,REDUSDT,sell,0.6442,109.61,1757151911274,2270000001092544525,1,2025-09-21 17:06:08
670,REDUSDT,sell,1,64.95,1757059694222,2270000001091296305,1,2025-09-21 17:06:08
671,REDUSDT,sell,0.8078,16.17,1757059326877,2270000001091281474,1,2025-09-21 17:06:08
672,REDUSDT,sell,0.8078,22.41,1757059326877,2270000001091281473,1,2025-09-21 17:06:08
673,REDUSDT,sell,0.8078,16.01,1757059326873,2270000001091281472,1,2025-09-21 17:06:08
674,REDUSDT,sell,0.8078,16,1757059326872,2270000001091281471,1,2025-09-21 17:06:08
675,REDUSDT,sell,0.8078,16.01,1757059326872,2270000001091281470,1,2025-09-21 17:06:08
676,REDUSDT,sell,0.8099,115.46,1757059298800,2270000001091280413,1,2025-09-21 17:06:08
687,PYTHUSDT,buy,0.1051,390.86,1750011191805,2220000000721760109,1,2025-09-21 19:15:32
688,PYTHUSDT,sell,0.2317,1203.7,1756446962211,2220000000769573613,1,2025-09-21 19:15:32
689,PYTHUSDT,buy,0.1599,375,1757127364871,2220000000773376131,1,2025-09-21 19:15:32
690,PYTHUSDT,buy,0.1598,80,1757127352014,2220000000773376063,1,2025-09-21 19:15:32
